,Time,Temperature
0,0.0,250.0009002685547
1,0.01,250.00088500976562
2,0.02,250.0009002685547
3,0.03,250.00088500976562
4,0.04,250.0009002685547
5,0.05,250.00088500976562
6,0.06,250.0009002685547
7,0.07,250.00088500976562
8,0.08,250.0009002685547
9,0.09,250.00088500976562
10,0.1,250.00088500976562
11,0.11,250.00088500976562
12,0.12,250.0009002685547
13,0.13,250.00088500976562
14,0.14,250.0009002685547
15,0.15,250.0009002685547
16,0.16,250.00088500976562
17,0.17,250.00088500976562
18,0.18,250.00088500976562
19,0.19,250.00088500976562
20,0.2,250.0009002685547
21,0.21,250.0009002685547
22,0.22,250.0009002685547
23,0.23,250.00088500976562
24,0.24,250.00088500976562
25,0.25,250.00088500976562
26,0.26,250.00088500976562
27,0.27,250.00088500976562
28,0.28,250.00088500976562
29,0.29,250.0009002685547
30,0.3,250.00088500976562
31,0.31,250.00088500976562
32,0.32,250.00088500976562
33,0.33,250.00088500976562
34,0.34,250.0009002685547
35,0.35,250.0009002685547
36,0.36,250.00088500976562
37,0.37,250.00088500976562
38,0.38,250.00088500976562
39,0.39,250.00088500976562
40,0.4,250.00088500976562
41,0.41,250.0009002685547
42,0.42,250.00088500976562
43,0.43,250.0009002685547
44,0.44,250.00088500976562
45,0.45,250.0009002685547
46,0.46,250.00088500976562
47,0.47,250.00088500976562
48,0.48,250.00088500976562
49,0.49,250.0009002685547
50,0.5,250.00088500976562
51,0.51,250.00088500976562
52,0.52,250.00088500976562
53,0.53,250.00088500976562
54,0.54,250.00088500976562
55,0.55,250.0009002685547
56,0.56,250.00088500976562
57,0.57,250.0009002685547
58,0.58,250.0009002685547
59,0.59,250.0009002685547
60,0.6,250.0009002685547
61,0.61,250.00088500976562
62,0.62,250.00088500976562
63,0.63,250.0009002685547
64,0.64,250.0009002685547
65,0.65,250.0009002685547
66,0.66,250.00088500976562
67,0.67,250.00088500976562
68,0.68,250.00088500976562
69,0.69,250.00088500976562
70,0.7,250.00088500976562
71,0.71,250.00088500976562
72,0.72,250.0009002685547
73,0.73,250.00088500976562
74,0.74,250.0009002685547
75,0.75,250.00088500976562
76,0.76,250.00088500976562
77,0.77,250.00088500976562
78,0.78,250.00088500976562
79,0.79,250.0009002685547
80,0.8,250.0009002685547
81,0.81,250.0009002685547
82,0.82,250.00088500976562
83,0.83,250.0009002685547
84,0.84,250.00088500976562
85,0.85,250.0009002685547
86,0.86,250.00088500976562
87,0.87,250.00088500976562
88,0.88,250.00088500976562
89,0.89,250.00088500976562
90,0.9,250.0009002685547
91,0.91,250.00088500976562
92,0.92,250.00088500976562
93,0.93,250.00088500976562
94,0.94,250.00088500976562
95,0.95,250.00088500976562
96,0.96,250.0009002685547
97,0.97,250.00088500976562
98,0.98,250.00088500976562
99,0.99,250.00088500976562
100,1.0,250.00088500976562
101,1.01,250.00088500976562
102,1.02,250.00088500976562
103,1.03,250.00088500976562
104,1.04,250.00088500976562
105,1.05,250.00088500976562
106,1.06,250.00088500976562
107,1.07,250.0009002685547
108,1.08,250.00088500976562
109,1.09,250.00088500976562
110,1.1,250.0009002685547
111,1.11,250.00088500976562
112,1.12,250.00088500976562
113,1.13,250.0009002685547
114,1.14,250.0009002685547
115,1.15,250.0009002685547
116,1.16,250.0009002685547
117,1.17,250.0008544921875
118,1.18,250.0009002685547
119,1.19,250.00088500976562
120,1.2,250.00088500976562
121,1.21,250.00088500976562
122,1.22,250.00088500976562
123,1.23,250.0009002685547
124,1.24,250.00088500976562
125,1.25,250.00088500976562
126,1.26,250.00088500976562
127,1.27,250.00088500976562
128,1.28,250.0009002685547
129,1.29,250.00088500976562
130,1.3,250.00088500976562
131,1.31,250.0008544921875
132,1.32,250.00088500976562
133,1.33,250.0009002685547
134,1.34,250.00088500976562
135,1.35,250.0009002685547
136,1.36,250.00088500976562
137,1.37,250.00088500976562
138,1.38,250.00088500976562
139,1.39,250.0009002685547
140,1.4,250.00088500976562
141,1.41,250.00088500976562
142,1.42,250.00088500976562
143,1.43,250.00088500976562
144,1.44,250.00088500976562
145,1.45,250.00088500976562
146,1.46,250.00088500976562
147,1.47,250.0009002685547
148,1.48,250.00088500976562
149,1.49,250.0009002685547
150,1.5,250.0008544921875
151,1.51,250.00088500976562
152,1.52,250.0009002685547
153,1.53,250.00088500976562
154,1.54,250.00088500976562
155,1.55,250.00088500976562
156,1.56,250.0009002685547
157,1.57,250.00088500976562
158,1.58,250.00088500976562
159,1.59,250.00088500976562
160,1.6,250.00088500976562
161,1.61,250.0008544921875
162,1.62,250.0009002685547
163,1.63,250.0009002685547
164,1.64,250.00088500976562
165,1.65,250.00088500976562
166,1.66,250.0009002685547
167,1.67,250.00088500976562
168,1.68,250.0009002685547
169,1.69,250.00088500976562
170,1.7,250.00088500976562
171,1.71,250.0008544921875
172,1.72,250.00088500976562
173,1.73,250.00088500976562
174,1.74,250.00088500976562
175,1.75,250.00088500976562
176,1.76,250.00088500976562
177,1.77,250.00088500976562
178,1.78,250.0009002685547
179,1.79,250.0009002685547
180,1.8,250.00088500976562
181,1.81,250.0009002685547
182,1.82,250.0009002685547
183,1.83,250.00088500976562
184,1.84,250.0009002685547
185,1.85,250.00088500976562
186,1.86,250.00088500976562
187,1.87,250.00088500976562
188,1.88,250.00088500976562
189,1.89,250.00088500976562
190,1.9,250.0009002685547
191,1.91,250.0009002685547
192,1.92,250.00088500976562
193,1.93,250.00088500976562
194,1.94,250.0009002685547
195,1.95,250.00088500976562
196,1.96,250.00088500976562
197,1.97,250.0008544921875
198,1.98,250.0009002685547
199,1.99,250.0009002685547
200,2.0,250.00088500976562
201,2.01,250.00088500976562
202,2.02,250.00088500976562
203,2.03,250.00088500976562
204,2.04,250.0008544921875
205,2.05,250.00088500976562
206,2.06,250.00088500976562
207,2.07,250.00088500976562
208,2.08,250.0009002685547
209,2.09,250.00088500976562
210,2.1,250.0009002685547
211,2.11,250.00088500976562
212,2.12,250.00088500976562
213,2.13,250.0008544921875
214,2.14,250.00088500976562
215,2.15,250.00088500976562
216,2.16,250.00088500976562
217,2.17,250.0009002685547
218,2.18,250.00088500976562
219,2.19,250.00088500976562
220,2.2,250.00088500976562
221,2.21,250.00088500976562
222,2.22,250.0009002685547
223,2.23,250.00088500976562
224,2.24,250.0009002685547
225,2.25,250.0009002685547
226,2.26,250.00088500976562
227,2.27,250.00088500976562
228,2.28,250.0008544921875
229,2.29,250.0008544921875
230,2.3,250.00088500976562
231,2.31,250.00088500976562
232,2.32,250.00088500976562
233,2.33,250.0009002685547
234,2.34,250.00088500976562
235,2.35,250.0009002685547
236,2.36,250.00088500976562
237,2.37,250.0009002685547
238,2.38,250.00088500976562
239,2.39,250.00088500976562
240,2.4,250.00088500976562
241,2.41,250.0009002685547
242,2.42,250.00088500976562
243,2.43,250.0009002685547
244,2.44,250.00088500976562
245,2.45,250.00088500976562
246,2.46,250.00088500976562
247,2.47,250.00088500976562
248,2.48,250.00088500976562
249,2.49,250.00088500976562
250,2.5,250.00088500976562
251,2.51,250.0009002685547
252,2.52,250.0009002685547
253,2.53,250.00088500976562
254,2.54,250.00088500976562
255,2.55,250.0009002685547
256,2.56,250.00088500976562
257,2.57,250.00088500976562
258,2.58,250.00088500976562
259,2.59,250.00088500976562
260,2.6,250.0009002685547
261,2.61,250.00088500976562
262,2.62,250.00088500976562
263,2.63,250.00088500976562
264,2.64,250.00088500976562
265,2.65,250.00088500976562
266,2.66,250.00088500976562
267,2.67,250.00088500976562
268,2.68,250.00088500976562
269,2.69,250.00088500976562
270,2.7,250.00088500976562
271,2.71,250.00088500976562
272,2.72,250.00088500976562
273,2.73,250.00088500976562
274,2.74,250.0009002685547
275,2.75,250.0008544921875
276,2.76,250.00088500976562
277,2.77,250.00088500976562
278,2.78,250.00088500976562
279,2.79,250.00088500976562
280,2.8,250.00088500976562
281,2.81,250.00088500976562
282,2.82,250.00088500976562
283,2.83,250.00088500976562
284,2.84,250.00088500976562
285,2.85,250.00088500976562
286,2.86,250.00088500976562
287,2.87,250.00088500976562
288,2.88,250.00088500976562
289,2.89,250.0009002685547
290,2.9,250.00088500976562
291,2.91,250.00088500976562
292,2.92,250.0009002685547
293,2.93,250.00088500976562
294,2.94,250.00088500976562
295,2.95,250.0009002685547
296,2.96,250.0009002685547
297,2.97,250.00088500976562
298,2.98,250.00088500976562
299,2.99,250.00088500976562
300,3.0,250.0009002685547
301,3.01,250.0009002685547
302,3.02,250.00088500976562
303,3.03,250.00088500976562
304,3.04,250.0008544921875
305,3.05,250.00088500976562
306,3.06,250.0009002685547
307,3.07,250.00088500976562
308,3.08,250.0009002685547
309,3.09,250.0009002685547
310,3.1,250.00088500976562
311,3.11,250.0008544921875
312,3.12,250.0009002685547
313,3.13,250.00088500976562
314,3.14,250.00088500976562
315,3.15,250.0009002685547
316,3.16,250.0009002685547
317,3.17,250.0009002685547
318,3.18,250.00088500976562
319,3.19,250.00088500976562
320,3.2,250.00088500976562
321,3.21,250.0009002685547
322,3.22,250.00088500976562
323,3.23,250.00088500976562
324,3.24,250.00088500976562
325,3.25,250.0009002685547
326,3.26,250.00088500976562
327,3.27,250.0008544921875
328,3.28,250.00088500976562
329,3.29,250.0009002685547
330,3.3,250.00088500976562
331,3.31,250.0008544921875
332,3.32,250.00088500976562
333,3.33,250.00088500976562
334,3.34,250.0009002685547
335,3.35,250.00088500976562
336,3.36,250.0008544921875
337,3.37,250.00088500976562
338,3.38,250.0009002685547
339,3.39,250.0009002685547
340,3.4,250.0009002685547
341,3.41,250.00088500976562
342,3.42,250.00088500976562
343,3.43,250.00088500976562
344,3.44,250.00088500976562
345,3.45,250.00088500976562
346,3.46,250.00088500976562
347,3.47,250.0009002685547
348,3.48,250.0009002685547
349,3.49,250.0009002685547
350,3.5,250.00088500976562
351,3.51,250.0009002685547
352,3.52,250.0009002685547
353,3.53,250.00088500976562
354,3.54,250.00088500976562
355,3.55,250.00088500976562
356,3.56,250.00088500976562
357,3.57,250.00088500976562
358,3.58,250.00088500976562
359,3.59,250.0009002685547
360,3.6,250.00088500976562
361,3.61,250.00088500976562
362,3.62,250.0009002685547
363,3.63,250.0009002685547
364,3.64,250.0009002685547
365,3.65,250.00088500976562
366,3.66,250.00088500976562
367,3.67,250.00088500976562
368,3.68,250.0009002685547
369,3.69,250.00088500976562
370,3.7,250.0009002685547
371,3.71,250.0009002685547
372,3.72,250.00088500976562
373,3.73,250.00088500976562
374,3.74,250.00088500976562
375,3.75,250.0009002685547
376,3.76,250.00088500976562
377,3.77,250.00088500976562
378,3.78,250.00088500976562
379,3.79,250.0009002685547
380,3.8,250.00088500976562
381,3.81,250.00088500976562
382,3.82,250.00088500976562
383,3.83,250.00088500976562
384,3.84,250.00088500976562
385,3.85,250.00088500976562
386,3.86,250.00088500976562
387,3.87,250.0009002685547
388,3.88,250.00088500976562
389,3.89,250.00088500976562
390,3.9,250.00088500976562
391,3.91,250.0009002685547
392,3.92,250.0009002685547
393,3.93,250.0009002685547
394,3.94,250.00088500976562
395,3.95,250.00088500976562
396,3.96,250.00088500976562
397,3.97,250.00088500976562
398,3.98,250.0009002685547
399,3.99,250.0008544921875
400,4.0,250.00088500976562
401,4.01,250.0009002685547
402,4.02,250.00088500976562
403,4.03,250.0009002685547
404,4.04,250.00088500976562
405,4.05,250.0009002685547
406,4.06,250.00088500976562
407,4.07,250.00088500976562
408,4.08,250.00088500976562
409,4.09,250.00088500976562
410,4.1,250.0009002685547
411,4.11,250.00088500976562
412,4.12,250.00088500976562
413,4.13,250.0009002685547
414,4.14,250.00088500976562
415,4.15,250.0009002685547
416,4.16,250.0008544921875
417,4.17,250.00088500976562
418,4.18,250.00088500976562
419,4.19,250.0009002685547
420,4.2,250.0009002685547
421,4.21,250.00088500976562
422,4.22,250.00088500976562
423,4.23,250.00088500976562
424,4.24,250.00088500976562
425,4.25,250.0009002685547
426,4.26,250.0009002685547
427,4.27,250.0009002685547
428,4.28,250.00088500976562
429,4.29,250.00088500976562
430,4.3,250.0009002685547
431,4.31,250.00088500976562
432,4.32,250.00088500976562
433,4.33,250.00088500976562
434,4.34,250.0009002685547
435,4.35,250.00088500976562
436,4.36,250.0009002685547
437,4.37,250.00088500976562
438,4.38,250.00088500976562
439,4.39,250.00088500976562
440,4.4,250.00088500976562
441,4.41,250.0009002685547
442,4.42,250.00088500976562
443,4.43,250.00088500976562
444,4.44,250.00088500976562
445,4.45,250.0009002685547
446,4.46,250.00088500976562
447,4.47,250.00088500976562
448,4.48,250.00088500976562
449,4.49,250.00088500976562
450,4.5,250.0008544921875
451,4.51,250.00088500976562
452,4.52,250.0008544921875
453,4.53,250.00088500976562
454,4.54,250.0009002685547
455,4.55,250.00088500976562
456,4.56,250.00088500976562
457,4.57,250.00088500976562
458,4.58,250.00088500976562
459,4.59,250.0009002685547
460,4.6,250.0009002685547
461,4.61,250.00088500976562
462,4.62,250.00088500976562
463,4.63,250.0009002685547
464,4.64,250.0009002685547
465,4.65,250.0009002685547
466,4.66,250.00088500976562
467,4.67,250.0009002685547
468,4.68,250.0009002685547
469,4.69,250.00088500976562
470,4.7,250.00088500976562
471,4.71,250.0009002685547
472,4.72,250.00088500976562
473,4.73,250.0009002685547
474,4.74,250.00088500976562
475,4.75,250.00088500976562
476,4.76,250.00088500976562
477,4.77,250.0009002685547
478,4.78,250.0009002685547
479,4.79,250.00088500976562
480,4.8,250.0009002685547
481,4.81,250.00088500976562
482,4.82,250.0009002685547
483,4.83,250.00088500976562
484,4.84,250.00088500976562
485,4.85,250.00088500976562
486,4.86,250.00088500976562
487,4.87,250.0009002685547
488,4.88,250.0009002685547
489,4.89,250.0009002685547
490,4.9,250.00088500976562
491,4.91,250.00088500976562
492,4.92,250.00088500976562
493,4.93,250.00088500976562
494,4.94,250.00088500976562
495,4.95,250.00088500976562
496,4.96,250.00088500976562
497,4.97,250.00088500976562
498,4.98,250.0009002685547
499,4.99,250.00088500976562
500,5.0,250.0009002685547
501,5.01,250.00088500976562
502,5.02,250.0009002685547
503,5.03,250.00088500976562
504,5.04,250.00088500976562
505,5.05,250.0009002685547
506,5.06,250.0009002685547
507,5.07,250.0009002685547
508,5.08,250.0009002685547
509,5.09,250.0009002685547
510,5.1,250.0009002685547
511,5.11,250.00088500976562
512,5.12,250.00088500976562
513,5.13,250.00088500976562
514,5.14,250.00088500976562
515,5.15,250.0009002685547
516,5.16,250.0009002685547
517,5.17,250.00088500976562
518,5.18,250.00088500976562
519,5.19,250.0009002685547
520,5.2,250.00088500976562
521,5.21,250.00088500976562
522,5.22,250.0009002685547
523,5.23,250.00088500976562
524,5.24,250.00088500976562
525,5.25,250.00088500976562
526,5.26,250.00088500976562
527,5.27,250.00088500976562
528,5.28,250.00088500976562
529,5.29,250.0009002685547
530,5.3,250.0009002685547
531,5.31,250.0009002685547
532,5.32,250.0009002685547
533,5.33,250.0009002685547
534,5.34,250.00088500976562
535,5.35,250.0009002685547
536,5.36,250.00088500976562
537,5.37,250.0009002685547
538,5.38,250.0009002685547
539,5.39,250.00088500976562
540,5.4,250.00088500976562
541,5.41,250.00088500976562
542,5.42,250.0009002685547
543,5.43,250.0009002685547
544,5.44,250.00088500976562
545,5.45,250.00088500976562
546,5.46,250.00088500976562
547,5.47,250.00088500976562
548,5.48,250.00088500976562
549,5.49,250.0009002685547
550,5.5,250.00088500976562
551,5.51,250.0009002685547
552,5.52,250.00088500976562
553,5.53,250.0009002685547
554,5.54,250.0009002685547
555,5.55,250.00088500976562
556,5.56,250.00088500976562
557,5.57,250.00088500976562
558,5.58,250.00088500976562
559,5.59,250.0009002685547
560,5.6,250.00088500976562
561,5.61,250.0008544921875
562,5.62,250.00088500976562
563,5.63,250.00088500976562
564,5.64,250.0009002685547
565,5.65,250.00088500976562
566,5.66,250.0009002685547
567,5.67,250.00088500976562
568,5.68,250.00088500976562
569,5.69,250.00088500976562
570,5.7,250.0009002685547
571,5.71,250.00088500976562
572,5.72,250.00088500976562
573,5.73,250.0009002685547
574,5.74,250.00088500976562
575,5.75,250.00088500976562
576,5.76,250.00088500976562
577,5.77,250.00088500976562
578,5.78,250.0009002685547
579,5.79,250.0009002685547
580,5.8,250.00088500976562
581,5.81,250.0009002685547
582,5.82,250.00088500976562
583,5.83,250.0009002685547
584,5.84,250.00088500976562
585,5.85,250.00088500976562
586,5.86,250.0009002685547
587,5.87,250.00088500976562
588,5.88,250.00088500976562
589,5.89,250.0009002685547
590,5.9,250.00088500976562
591,5.91,250.00088500976562
592,5.92,250.0009002685547
593,5.93,250.00088500976562
594,5.94,250.0009002685547
595,5.95,250.00088500976562
596,5.96,250.0009002685547
597,5.97,250.00088500976562
598,5.98,250.0009002685547
599,5.99,250.0008544921875
600,6.0,250.0009002685547
601,6.01,250.00088500976562
602,6.02,250.0009002685547
603,6.03,250.00088500976562
604,6.04,250.00088500976562
605,6.05,250.0009002685547
606,6.06,250.00088500976562
607,6.07,250.00088500976562
608,6.08,250.00088500976562
609,6.09,250.00088500976562
610,6.1,250.0009002685547
611,6.11,250.00088500976562
612,6.12,250.00088500976562
613,6.13,250.00088500976562
614,6.14,250.0009002685547
615,6.15,250.0009002685547
616,6.16,250.00088500976562
617,6.17,250.00088500976562
618,6.18,250.00088500976562
619,6.19,250.0009002685547
620,6.2,250.00088500976562
621,6.21,250.0009002685547
622,6.22,250.00088500976562
623,6.23,250.00088500976562
624,6.24,250.00088500976562
625,6.25,250.0009002685547
626,6.26,250.00088500976562
627,6.27,250.00088500976562
628,6.28,250.00088500976562
629,6.29,250.00088500976562
630,6.3,250.00088500976562
631,6.31,250.0009002685547
632,6.32,250.0009002685547
633,6.33,250.0009002685547
634,6.34,250.00088500976562
635,6.35,250.0009002685547
636,6.36,250.0009002685547
637,6.37,250.0009002685547
638,6.38,250.0009002685547
639,6.39,250.00088500976562
640,6.4,250.00088500976562
641,6.41,250.00088500976562
642,6.42,250.0009002685547
643,6.43,250.0009002685547
644,6.44,250.00088500976562
645,6.45,250.0009002685547
646,6.46,250.00088500976562
647,6.47,250.00088500976562
648,6.48,250.0009002685547
649,6.49,250.00088500976562
650,6.5,250.00088500976562
651,6.51,250.0009002685547
652,6.52,250.0009002685547
653,6.53,250.0009002685547
654,6.54,250.0009002685547
655,6.55,250.0009002685547
656,6.56,250.0009002685547
657,6.57,250.0009002685547
658,6.58,250.0009002685547
659,6.59,250.0009002685547
660,6.6,250.00088500976562
661,6.61,250.0009002685547
662,6.62,250.00088500976562
663,6.63,250.00088500976562
664,6.64,250.0009002685547
665,6.65,250.0009002685547
666,6.66,250.0009002685547
667,6.67,250.0009002685547
668,6.68,250.0009002685547
669,6.69,250.0009002685547
670,6.7,250.00088500976562
671,6.71,250.00088500976562
672,6.72,250.00088500976562
673,6.73,250.00088500976562
674,6.74,250.0009002685547
675,6.75,250.00088500976562
676,6.76,250.0009002685547
677,6.77,250.0009002685547
678,6.78,250.0009002685547
679,6.79,250.0009002685547
680,6.8,250.0009002685547
681,6.81,250.0009002685547
682,6.82,250.00088500976562
683,6.83,250.0009002685547
684,6.84,250.0009002685547
685,6.85,250.00088500976562
686,6.86,250.0009002685547
687,6.87,250.00088500976562
688,6.88,250.00088500976562
689,6.89,250.0009002685547
690,6.9,250.0009002685547
691,6.91,250.0009002685547
692,6.92,250.00088500976562
693,6.93,250.0009002685547
694,6.94,250.0009002685547
695,6.95,250.00088500976562
696,6.96,250.0008544921875
697,6.97,250.00088500976562
698,6.98,250.0009002685547
699,6.99,250.0009002685547
700,7.0,250.00088500976562
701,7.01,250.00088500976562
702,7.02,250.0009002685547
703,7.03,250.00088500976562
704,7.04,250.0009002685547
705,7.05,250.0009002685547
706,7.06,250.0009002685547
707,7.07,250.0009002685547
708,7.08,250.0009002685547
709,7.09,250.0009002685547
710,7.1,250.0009002685547
711,7.11,250.00088500976562
712,7.12,250.00088500976562
713,7.13,250.0009002685547
714,7.14,250.0009002685547
715,7.15,250.00088500976562
716,7.16,250.0009002685547
717,7.17,250.0009002685547
718,7.18,250.0009002685547
719,7.19,250.0009002685547
720,7.2,250.0009002685547
721,7.21,250.0009002685547
722,7.22,250.00088500976562
723,7.23,250.00088500976562
724,7.24,250.0009002685547
725,7.25,250.0009002685547
726,7.26,250.0009002685547
727,7.27,250.0009002685547
728,7.28,250.00088500976562
729,7.29,250.00088500976562
730,7.3,250.00088500976562
731,7.31,250.0009002685547
732,7.32,250.0009002685547
733,7.33,250.0009002685547
734,7.34,250.00088500976562
735,7.35,250.00088500976562
736,7.36,250.0009002685547
737,7.37,250.0009002685547
738,7.38,250.0009002685547
739,7.39,250.00088500976562
740,7.4,250.0009002685547
741,7.41,250.0009002685547
742,7.42,250.00088500976562
743,7.43,250.0009002685547
744,7.44,250.00088500976562
745,7.45,250.0009002685547
746,7.46,250.0009002685547
747,7.47,250.00088500976562
748,7.48,250.0009002685547
749,7.49,250.0009002685547
750,7.5,250.0009002685547
751,7.51,250.0009002685547
752,7.52,250.0009002685547
753,7.53,250.0009002685547
754,7.54,250.0009002685547
755,7.55,250.0009002685547
756,7.56,250.0009002685547
757,7.57,250.00088500976562
758,7.58,250.0009002685547
759,7.59,250.00088500976562
760,7.6,250.00088500976562
761,7.61,250.00088500976562
762,7.62,250.00088500976562
763,7.63,250.00088500976562
764,7.64,250.00088500976562
765,7.65,250.00088500976562
766,7.66,250.0009002685547
767,7.67,250.00088500976562
768,7.68,250.0009002685547
769,7.69,250.00088500976562
770,7.7,250.00088500976562
771,7.71,250.0009002685547
772,7.72,250.0009002685547
773,7.73,250.0009002685547
774,7.74,250.0009002685547
775,7.75,250.00088500976562
776,7.76,250.0009002685547
777,7.77,250.0009002685547
778,7.78,250.00088500976562
779,7.79,250.00088500976562
780,7.8,250.0009002685547
781,7.81,250.00088500976562
782,7.82,250.0009002685547
783,7.83,250.00088500976562
784,7.84,250.0009002685547
785,7.85,250.0009002685547
786,7.86,250.0009002685547
787,7.87,250.0009002685547
788,7.88,250.00088500976562
789,7.89,250.0009002685547
790,7.9,250.00088500976562
791,7.91,250.00088500976562
792,7.92,250.00088500976562
793,7.93,250.00088500976562
794,7.94,250.00088500976562
795,7.95,250.00088500976562
796,7.96,250.0009002685547
797,7.97,250.00088500976562
798,7.98,250.00088500976562
799,7.99,250.00088500976562
800,8.0,250.00088500976562
801,8.01,250.0009002685547
802,8.02,250.0009002685547
803,8.03,250.00088500976562
804,8.04,250.00088500976562
805,8.05,250.0009002685547
806,8.06,250.00088500976562
807,8.07,250.00088500976562
808,8.08,250.0009002685547
809,8.09,250.0009002685547
810,8.1,250.00088500976562
811,8.11,250.00088500976562
812,8.12,250.0009002685547
813,8.13,250.0009002685547
814,8.14,250.00088500976562
815,8.15,250.0009002685547
816,8.16,250.0009002685547
817,8.17,250.00088500976562
818,8.18,250.0009002685547
819,8.19,250.00088500976562
820,8.2,250.0009002685547
821,8.21,250.0009002685547
822,8.22,250.00088500976562
823,8.23,250.0009002685547
824,8.24,250.0009002685547
825,8.25,250.0009002685547
826,8.26,250.00088500976562
827,8.27,250.00088500976562
828,8.28,250.00088500976562
829,8.29,250.0009002685547
830,8.3,250.0009002685547
831,8.31,250.0009002685547
832,8.32,250.0009002685547
833,8.33,250.0009002685547
834,8.34,250.00088500976562
835,8.35,250.00088500976562
836,8.36,250.0009002685547
837,8.37,250.0009002685547
838,8.38,250.0009002685547
839,8.39,250.0009002685547
840,8.4,250.0009002685547
841,8.41,250.00088500976562
842,8.42,250.0009002685547
843,8.43,250.0009002685547
844,8.44,250.0009002685547
845,8.45,250.00088500976562
846,8.46,250.0009002685547
847,8.47,250.0009002685547
848,8.48,250.0009002685547
849,8.49,250.00088500976562
850,8.5,250.0009002685547
851,8.51,250.00088500976562
852,8.52,250.00088500976562
853,8.53,250.0009002685547
854,8.54,250.0009002685547
855,8.55,250.00088500976562
856,8.56,250.00088500976562
857,8.57,250.0009002685547
858,8.58,250.00088500976562
859,8.59,250.00088500976562
860,8.6,250.0009002685547
861,8.61,250.0009002685547
862,8.62,250.00088500976562
863,8.63,250.0009002685547
864,8.64,250.0009002685547
865,8.65,250.0009002685547
866,8.66,250.0009002685547
867,8.67,250.0009002685547
868,8.68,250.0009002685547
869,8.69,250.0009002685547
870,8.7,250.0009002685547
871,8.71,250.0009002685547
872,8.72,250.0009002685547
873,8.73,250.0009002685547
874,8.74,250.0009002685547
875,8.75,250.00088500976562
876,8.76,250.00088500976562
877,8.77,250.0009002685547
878,8.78,250.00088500976562
879,8.79,250.0009002685547
880,8.8,250.0009002685547
881,8.81,250.00088500976562
882,8.82,250.0009002685547
883,8.83,250.0009002685547
884,8.84,250.0009002685547
885,8.85,250.0009002685547
886,8.86,250.00088500976562
887,8.87,250.0009002685547
888,8.88,250.00088500976562
889,8.89,250.00088500976562
890,8.9,250.0009002685547
891,8.91,250.0009002685547
892,8.92,250.00088500976562
893,8.93,250.0009002685547
894,8.94,250.0009002685547
895,8.95,250.0009002685547
896,8.96,250.0009002685547
897,8.97,250.0009002685547
898,8.98,250.0009002685547
899,8.99,250.00088500976562
900,9.0,250.0009002685547
901,9.01,250.0009002685547
902,9.02,250.0009002685547
903,9.03,250.0009002685547
904,9.04,250.0009002685547
905,9.05,250.0009002685547
906,9.06,250.0009002685547
907,9.07,250.0009002685547
908,9.08,250.00088500976562
909,9.09,250.00088500976562
910,9.1,250.0009002685547
911,9.11,250.0009002685547
912,9.12,250.00088500976562
913,9.13,250.00088500976562
914,9.14,250.00088500976562
915,9.15,250.0009002685547
916,9.16,250.0009002685547
917,9.17,250.00088500976562
918,9.18,250.0009002685547
919,9.19,250.0009002685547
920,9.2,250.00088500976562
921,9.21,250.00088500976562
922,9.22,250.0009002685547
923,9.23,250.0009002685547
924,9.24,250.0009002685547
925,9.25,250.0009002685547
926,9.26,250.00088500976562
927,9.27,250.0009002685547
928,9.28,250.0009002685547
929,9.29,250.00088500976562
930,9.3,250.00088500976562
931,9.31,250.0009002685547
932,9.32,250.0009002685547
933,9.33,250.00088500976562
934,9.34,250.0009002685547
935,9.35,250.0009002685547
936,9.36,250.0009002685547
937,9.37,250.00088500976562
938,9.38,250.0009002685547
939,9.39,250.00088500976562
940,9.4,250.0009002685547
941,9.41,250.0009002685547
942,9.42,250.00088500976562
943,9.43,250.00088500976562
944,9.44,250.0009002685547
945,9.45,250.0009002685547
946,9.46,250.00088500976562
947,9.47,250.0009002685547
948,9.48,250.0009002685547
949,9.49,250.0009002685547
950,9.5,250.0009002685547
951,9.51,250.0009002685547
952,9.52,250.0009002685547
953,9.53,250.0009002685547
954,9.54,250.0009002685547
955,9.55,250.0009002685547
956,9.56,250.0009002685547
957,9.57,250.00088500976562
958,9.58,250.0009002685547
959,9.59,250.00088500976562
960,9.6,250.0009002685547
961,9.61,250.0009002685547
962,9.62,250.0009002685547
963,9.63,250.0009002685547
964,9.64,250.0009002685547
965,9.65,250.00088500976562
966,9.66,250.0009002685547
967,9.67,250.00088500976562
968,9.68,250.0009002685547
969,9.69,250.0009002685547
970,9.7,250.00088500976562
971,9.71,250.0009002685547
972,9.72,250.0009002685547
973,9.73,250.0009002685547
974,9.74,250.0009002685547
975,9.75,250.0009002685547
976,9.76,250.0009002685547
977,9.77,250.00088500976562
978,9.78,250.0009002685547
979,9.79,250.0009002685547
980,9.8,250.0009002685547
981,9.81,250.0009002685547
982,9.82,250.0009002685547
983,9.83,250.0009002685547
984,9.84,250.0009002685547
985,9.85,250.0009002685547
986,9.86,250.00088500976562
987,9.87,250.00088500976562
988,9.88,250.0009002685547
989,9.89,250.0009002685547
990,9.9,250.0009002685547
991,9.91,250.00088500976562
992,9.92,250.0009002685547
993,9.93,250.0009002685547
994,9.94,250.00088500976562
995,9.95,250.0009002685547
996,9.96,250.0009002685547
997,9.97,250.0009002685547
998,9.98,250.00088500976562
999,9.99,250.0009002685547
1000,10.0,250.0009002685547
1001,10.01,250.0009002685547
1002,10.02,250.00088500976562
1003,10.03,250.00088500976562
1004,10.04,250.00088500976562
1005,10.05,250.0009002685547
1006,10.06,250.00088500976562
1007,10.07,250.0009002685547
1008,10.08,250.00088500976562
1009,10.09,250.00088500976562
1010,10.1,250.00088500976562
1011,10.11,250.0009002685547
1012,10.12,250.0009002685547
1013,10.13,250.0009002685547
1014,10.14,250.0009002685547
1015,10.15,250.00088500976562
1016,10.16,250.0009002685547
1017,10.17,250.0009002685547
1018,10.18,250.00088500976562
1019,10.19,250.00088500976562
1020,10.2,250.0009002685547
1021,10.21,250.0009002685547
1022,10.22,250.00088500976562
1023,10.23,250.0009002685547
1024,10.24,250.00088500976562
1025,10.25,250.0009002685547
1026,10.26,250.0009002685547
1027,10.27,250.0009002685547
1028,10.28,250.00088500976562
1029,10.29,250.0009002685547
1030,10.3,250.0009002685547
1031,10.31,250.0009002685547
1032,10.32,250.00088500976562
1033,10.33,250.00088500976562
1034,10.34,250.00088500976562
1035,10.35,250.0009002685547
1036,10.36,250.0009002685547
1037,10.37,250.0009002685547
1038,10.38,250.00088500976562
1039,10.39,250.0009002685547
1040,10.4,250.0009002685547
1041,10.41,250.0009002685547
1042,10.42,250.00088500976562
1043,10.43,250.0009002685547
1044,10.44,250.00088500976562
1045,10.45,250.0009002685547
1046,10.46,250.0009002685547
1047,10.47,250.0009002685547
1048,10.48,250.0009002685547
1049,10.49,250.0009002685547
1050,10.5,250.0009002685547
1051,10.51,250.0009002685547
1052,10.52,250.00088500976562
1053,10.53,250.0009002685547
1054,10.54,250.0009002685547
1055,10.55,250.00088500976562
1056,10.56,250.0009002685547
1057,10.57,250.0009002685547
1058,10.58,250.0009002685547
1059,10.59,250.00088500976562
1060,10.6,250.00088500976562
1061,10.61,250.0009002685547
1062,10.62,250.0009002685547
1063,10.63,250.0009002685547
1064,10.64,250.0009002685547
1065,10.65,250.0009002685547
1066,10.66,250.0009002685547
1067,10.67,250.0009002685547
1068,10.68,250.0009002685547
1069,10.69,250.00088500976562
1070,10.7,250.0009002685547
1071,10.71,250.0009002685547
1072,10.72,250.0009002685547
1073,10.73,250.0009002685547
1074,10.74,250.0009002685547
1075,10.75,250.0009002685547
1076,10.76,250.00088500976562
1077,10.77,250.0009002685547
1078,10.78,250.0009002685547
1079,10.79,250.0009002685547
1080,10.8,250.0009002685547
1081,10.81,250.00088500976562
1082,10.82,250.00088500976562
1083,10.83,250.0009002685547
1084,10.84,250.0009002685547
1085,10.85,250.0009002685547
1086,10.86,250.00088500976562
1087,10.87,250.0009002685547
1088,10.88,250.00088500976562
1089,10.89,250.0009002685547
1090,10.9,250.0009002685547
1091,10.91,250.0009002685547
1092,10.92,250.0009002685547
1093,10.93,250.0009002685547
1094,10.94,250.0009002685547
1095,10.95,250.0009002685547
1096,10.96,250.00088500976562
1097,10.97,250.0009002685547
1098,10.98,250.0009002685547
1099,10.99,250.0009002685547
1100,11.0,250.00088500976562
1101,11.01,250.0009002685547
1102,11.02,250.0009002685547
1103,11.03,250.0009002685547
1104,11.04,250.0009002685547
1105,11.05,250.0009002685547
1106,11.06,250.00088500976562
1107,11.07,250.0009002685547
1108,11.08,250.00088500976562
1109,11.09,250.0009002685547
1110,11.1,250.0009002685547
1111,11.11,250.00088500976562
1112,11.12,250.00088500976562
1113,11.13,250.00088500976562
1114,11.14,250.0009002685547
1115,11.15,250.0009002685547
1116,11.16,250.0009002685547
1117,11.17,250.0009002685547
1118,11.18,250.0009002685547
1119,11.19,250.00088500976562
1120,11.2,250.0009002685547
1121,11.21,250.0009002685547
1122,11.22,250.00088500976562
1123,11.23,250.00088500976562
1124,11.24,250.00088500976562
1125,11.25,250.00088500976562
1126,11.26,250.0009002685547
1127,11.27,250.0009002685547
1128,11.28,250.0009002685547
1129,11.29,250.00088500976562
1130,11.3,250.00088500976562
1131,11.31,250.0009002685547
1132,11.32,250.0009002685547
1133,11.33,250.0009002685547
1134,11.34,250.00088500976562
1135,11.35,250.0009002685547
1136,11.36,250.0009002685547
1137,11.37,250.00088500976562
1138,11.38,250.0009002685547
1139,11.39,250.00088500976562
1140,11.4,250.0009002685547
1141,11.41,250.00088500976562
1142,11.42,250.0009002685547
1143,11.43,250.00088500976562
1144,11.44,250.0009002685547
1145,11.45,250.00088500976562
1146,11.46,250.0009002685547
1147,11.47,250.0009002685547
1148,11.48,250.00088500976562
1149,11.49,250.00088500976562
1150,11.5,250.00088500976562
1151,11.51,250.00088500976562
1152,11.52,250.00088500976562
1153,11.53,250.00088500976562
1154,11.54,250.00088500976562
1155,11.55,250.00088500976562
1156,11.56,250.0009002685547
1157,11.57,250.00088500976562
1158,11.58,250.0009002685547
1159,11.59,250.0009002685547
1160,11.6,250.0009002685547
1161,11.61,250.0009002685547
1162,11.62,250.0009002685547
1163,11.63,250.00088500976562
1164,11.64,250.0009002685547
1165,11.65,250.0009002685547
1166,11.66,250.0009002685547
1167,11.67,250.00088500976562
1168,11.68,250.00088500976562
1169,11.69,250.0009002685547
1170,11.7,250.0009002685547
1171,11.71,250.0009002685547
1172,11.72,250.0009002685547
1173,11.73,250.0009002685547
1174,11.74,250.0009002685547
1175,11.75,250.0009002685547
1176,11.76,250.0009002685547
1177,11.77,250.0009002685547
1178,11.78,250.0009002685547
1179,11.79,250.0009002685547
1180,11.8,250.0009002685547
1181,11.81,250.00088500976562
1182,11.82,250.0009002685547
1183,11.83,250.00088500976562
1184,11.84,250.0009002685547
1185,11.85,250.0009002685547
1186,11.86,250.0009002685547
1187,11.87,250.0009002685547
1188,11.88,250.0009002685547
1189,11.89,250.0009002685547
1190,11.9,250.00088500976562
1191,11.91,250.0009002685547
1192,11.92,250.0009002685547
1193,11.93,250.0009002685547
1194,11.94,250.0009002685547
1195,11.95,250.0009002685547
1196,11.96,250.0009002685547
1197,11.97,250.00088500976562
1198,11.98,250.0009002685547
1199,11.99,250.0009002685547
1200,12.0,250.0009002685547
1201,12.01,250.0009002685547
1202,12.02,250.0009002685547
1203,12.03,250.0009002685547
1204,12.04,250.0009002685547
1205,12.05,250.0009002685547
1206,12.06,250.00088500976562
1207,12.07,250.0009002685547
1208,12.08,250.0009002685547
1209,12.09,250.00088500976562
1210,12.1,250.00088500976562
1211,12.11,250.00088500976562
1212,12.12,250.0009002685547
1213,12.13,250.00088500976562
1214,12.14,250.0009002685547
1215,12.15,250.00088500976562
1216,12.16,250.0009002685547
1217,12.17,250.0009002685547
1218,12.18,250.0009002685547
1219,12.19,250.00088500976562
1220,12.2,250.0009002685547
1221,12.21,250.00088500976562
1222,12.22,250.00088500976562
1223,12.23,250.0009002685547
1224,12.24,250.0009002685547
1225,12.25,250.0009002685547
1226,12.26,250.0009002685547
1227,12.27,250.00088500976562
1228,12.28,250.0009002685547
1229,12.29,250.0009002685547
1230,12.3,250.00088500976562
1231,12.31,250.0009002685547
1232,12.32,250.0009002685547
1233,12.33,250.0009002685547
1234,12.34,250.0009002685547
1235,12.35,250.0009002685547
1236,12.36,250.0009002685547
1237,12.37,250.0009002685547
1238,12.38,250.0009002685547
1239,12.39,250.0009002685547
1240,12.4,250.0009002685547
1241,12.41,250.0009002685547
1242,12.42,250.0009002685547
1243,12.43,250.00088500976562
1244,12.44,250.0009002685547
1245,12.45,250.00088500976562
1246,12.46,250.0009002685547
1247,12.47,250.0009002685547
1248,12.48,250.0009002685547
1249,12.49,250.0009002685547
1250,12.5,250.0009002685547
1251,12.51,250.0009002685547
1252,12.52,250.0009002685547
1253,12.53,250.0009002685547
1254,12.54,250.0009002685547
1255,12.55,250.0009002685547
1256,12.56,250.0009002685547
1257,12.57,250.00088500976562
1258,12.58,250.0009002685547
1259,12.59,250.0009002685547
1260,12.6,250.00088500976562
1261,12.61,250.0009002685547
1262,12.62,250.0009002685547
1263,12.63,250.0009002685547
1264,12.64,250.0009002685547
1265,12.65,250.0009002685547
1266,12.66,250.0009002685547
1267,12.67,250.0009002685547
1268,12.68,250.0009002685547
1269,12.69,250.00088500976562
1270,12.7,250.0009002685547
1271,12.71,250.0009002685547
1272,12.72,250.0009002685547
1273,12.73,250.00088500976562
1274,12.74,250.00088500976562
1275,12.75,250.00088500976562
1276,12.76,250.0009002685547
1277,12.77,250.0009002685547
1278,12.78,250.0009002685547
1279,12.79,250.0009002685547
1280,12.8,250.0009002685547
1281,12.81,250.00088500976562
1282,12.82,250.0009002685547
1283,12.83,250.0009002685547
1284,12.84,250.0009002685547
1285,12.85,250.0009002685547
1286,12.86,250.0009002685547
1287,12.87,250.00088500976562
1288,12.88,250.0009002685547
1289,12.89,250.0009002685547
1290,12.9,250.0009002685547
1291,12.91,250.00088500976562
1292,12.92,250.0009002685547
1293,12.93,250.00088500976562
1294,12.94,250.0009002685547
1295,12.95,250.0009002685547
1296,12.96,250.0009002685547
1297,12.97,250.0009002685547
1298,12.98,250.0009002685547
1299,12.99,250.0009002685547
1300,13.0,250.0009002685547
1301,13.01,250.00088500976562
1302,13.02,250.0009002685547
1303,13.03,250.0009002685547
1304,13.04,250.0009002685547
1305,13.05,250.0009002685547
1306,13.06,250.00088500976562
1307,13.07,250.0009002685547
1308,13.08,250.00088500976562
1309,13.09,250.00088500976562
1310,13.1,250.00088500976562
1311,13.11,250.0009002685547
1312,13.12,250.0009002685547
1313,13.13,250.0009002685547
1314,13.14,250.0009002685547
1315,13.15,250.0009002685547
1316,13.16,250.0009002685547
1317,13.17,250.0009002685547
1318,13.18,250.0009002685547
1319,13.19,250.0009002685547
1320,13.2,250.0009002685547
1321,13.21,250.0009002685547
1322,13.22,250.0009002685547
1323,13.23,250.00088500976562
1324,13.24,250.0009002685547
1325,13.25,250.0009002685547
1326,13.26,250.0009002685547
1327,13.27,250.0009002685547
1328,13.28,250.0009002685547
1329,13.29,250.0009002685547
1330,13.3,250.0009002685547
1331,13.31,250.0009002685547
1332,13.32,250.00088500976562
1333,13.33,250.0009002685547
1334,13.34,250.0009002685547
1335,13.35,250.0009002685547
1336,13.36,250.0009002685547
1337,13.37,250.00088500976562
1338,13.38,250.0009002685547
1339,13.39,250.0009002685547
1340,13.4,250.0009002685547
1341,13.41,250.0009002685547
1342,13.42,250.00088500976562
1343,13.43,250.0009002685547
1344,13.44,250.0009002685547
1345,13.45,250.0009002685547
1346,13.46,250.0009002685547
1347,13.47,250.0009002685547
1348,13.48,250.0009002685547
1349,13.49,250.0009002685547
1350,13.5,250.0009002685547
1351,13.51,250.0009002685547
1352,13.52,250.0009002685547
1353,13.53,250.0009002685547
1354,13.54,250.0009002685547
1355,13.55,250.00088500976562
1356,13.56,250.0009002685547
1357,13.57,250.0009002685547
1358,13.58,250.0009002685547
1359,13.59,250.00088500976562
1360,13.6,250.00088500976562
1361,13.61,250.0009002685547
1362,13.62,250.0009002685547
1363,13.63,250.00088500976562
1364,13.64,250.00088500976562
1365,13.65,250.0009002685547
1366,13.66,250.0009002685547
1367,13.67,250.0009002685547
1368,13.68,250.0009002685547
1369,13.69,250.0009002685547
1370,13.7,250.0009002685547
1371,13.71,250.0009002685547
1372,13.72,250.0009002685547
1373,13.73,250.0009002685547
1374,13.74,250.0009002685547
1375,13.75,250.0009002685547
1376,13.76,250.0009002685547
1377,13.77,250.0009002685547
1378,13.78,250.00088500976562
1379,13.79,250.0009002685547
1380,13.8,250.0009002685547
1381,13.81,250.0009002685547
1382,13.82,250.00088500976562
1383,13.83,250.0009002685547
1384,13.84,250.00088500976562
1385,13.85,250.0009002685547
1386,13.86,250.0009002685547
1387,13.87,250.0009002685547
1388,13.88,250.0009002685547
1389,13.89,250.0009002685547
1390,13.9,250.0009002685547
1391,13.91,250.00088500976562
1392,13.92,250.0009002685547
1393,13.93,250.0009002685547
1394,13.94,250.0009002685547
1395,13.95,250.0009002685547
1396,13.96,250.0009002685547
1397,13.97,250.0009002685547
1398,13.98,250.0009002685547
1399,13.99,250.0009002685547
1400,14.0,250.0009002685547
1401,14.01,250.00088500976562
1402,14.02,250.0009002685547
1403,14.03,250.00088500976562
1404,14.04,250.0009002685547
1405,14.05,250.0009002685547
1406,14.06,250.0009002685547
1407,14.07,250.0009002685547
1408,14.08,250.0009002685547
1409,14.09,250.0009002685547
1410,14.1,250.0009002685547
1411,14.11,250.0009002685547
1412,14.12,250.0009002685547
1413,14.13,250.0009002685547
1414,14.14,250.0009002685547
1415,14.15,250.0009002685547
1416,14.16,250.0009002685547
1417,14.17,250.00088500976562
1418,14.18,250.0009002685547
1419,14.19,250.0009002685547
1420,14.2,250.0009002685547
1421,14.21,250.0009002685547
1422,14.22,250.00088500976562
1423,14.23,250.0009002685547
1424,14.24,250.0009002685547
1425,14.25,250.0009002685547
1426,14.26,250.0009002685547
1427,14.27,250.0009002685547
1428,14.28,250.0009002685547
1429,14.29,250.0009002685547
1430,14.3,250.0009002685547
1431,14.31,250.0009002685547
1432,14.32,250.0009002685547
1433,14.33,250.00088500976562
1434,14.34,250.0009002685547
1435,14.35,250.00088500976562
1436,14.36,250.0009002685547
1437,14.37,250.00088500976562
1438,14.38,250.0009002685547
1439,14.39,250.0009002685547
1440,14.4,250.00088500976562
1441,14.41,250.0009002685547
1442,14.42,250.0009002685547
1443,14.43,250.0009002685547
1444,14.44,250.0009002685547
1445,14.45,250.0009002685547
1446,14.46,250.0009002685547
1447,14.47,250.0009002685547
1448,14.48,250.0009002685547
1449,14.49,250.0009002685547
1450,14.5,250.0009002685547
1451,14.51,250.0009002685547
1452,14.52,250.0009002685547
1453,14.53,250.0009002685547
1454,14.54,250.0009002685547
1455,14.55,250.00088500976562
1456,14.56,250.0009002685547
1457,14.57,250.0009002685547
1458,14.58,250.0009002685547
1459,14.59,250.0009002685547
1460,14.6,250.00088500976562
1461,14.61,250.0009002685547
1462,14.62,250.0009002685547
1463,14.63,250.0009002685547
1464,14.64,250.0009002685547
1465,14.65,250.00088500976562
1466,14.66,250.0009002685547
1467,14.67,250.0009002685547
1468,14.68,250.0009002685547
1469,14.69,250.0009002685547
1470,14.7,250.0009002685547
1471,14.71,250.0009002685547
1472,14.72,250.0009002685547
1473,14.73,250.0009002685547
1474,14.74,250.0009002685547
1475,14.75,250.0009002685547
1476,14.76,250.00088500976562
1477,14.77,250.0009002685547
1478,14.78,250.00088500976562
1479,14.79,250.0009002685547
1480,14.8,250.0009002685547
1481,14.81,250.0009002685547
1482,14.82,250.0009002685547
1483,14.83,250.0009002685547
1484,14.84,250.0009002685547
1485,14.85,250.0009002685547
1486,14.86,250.0009002685547
1487,14.87,250.0009002685547
1488,14.88,250.0009002685547
1489,14.89,250.00088500976562
1490,14.9,250.0009002685547
1491,14.91,250.0009002685547
1492,14.92,250.0009002685547
1493,14.93,250.0009002685547
1494,14.94,250.0009002685547
1495,14.95,250.0009002685547
1496,14.96,250.0009002685547
1497,14.97,250.0009002685547
1498,14.98,250.0009002685547
1499,14.99,250.0009002685547
1500,15.0,250.0009002685547
1501,15.01,250.0009002685547
1502,15.02,250.0009002685547
1503,15.03,250.0009002685547
1504,15.04,250.0009002685547
1505,15.05,250.00088500976562
1506,15.06,250.0009002685547
1507,15.07,250.0009002685547
1508,15.08,250.0009002685547
1509,15.09,250.0009002685547
1510,15.1,250.0009002685547
1511,15.11,250.0009002685547
1512,15.12,250.0009002685547
1513,15.13,250.0009002685547
1514,15.14,250.0009002685547
1515,15.15,250.0009002685547
1516,15.16,250.0009002685547
1517,15.17,250.00088500976562
1518,15.18,250.0009002685547
1519,15.19,250.0009002685547
1520,15.2,250.0009002685547
1521,15.21,250.0009002685547
1522,15.22,250.0009002685547
1523,15.23,250.0009002685547
1524,15.24,250.0009002685547
1525,15.25,250.0009002685547
1526,15.26,250.0009002685547
1527,15.27,250.00088500976562
1528,15.28,250.0009002685547
1529,15.29,250.0009002685547
1530,15.3,250.0009002685547
1531,15.31,250.0009002685547
1532,15.32,250.0009002685547
1533,15.33,250.0009002685547
1534,15.34,250.0009002685547
1535,15.35,250.0009002685547
1536,15.36,250.0009002685547
1537,15.37,250.0009002685547
1538,15.38,250.0009002685547
1539,15.39,250.0009002685547
1540,15.4,250.0009002685547
1541,15.41,250.0009002685547
1542,15.42,250.0009002685547
1543,15.43,250.0009002685547
1544,15.44,250.0009002685547
1545,15.45,250.0009002685547
1546,15.46,250.0009002685547
1547,15.47,250.0009002685547
1548,15.48,250.0009002685547
1549,15.49,250.0009002685547
1550,15.5,250.0009002685547
1551,15.51,250.0009002685547
1552,15.52,250.0009002685547
1553,15.53,250.0009002685547
1554,15.54,250.0009002685547
1555,15.55,250.0009002685547
1556,15.56,250.0009002685547
1557,15.57,250.0009002685547
1558,15.58,250.0009002685547
1559,15.59,250.00088500976562
1560,15.6,250.0009002685547
1561,15.61,250.0009002685547
1562,15.62,250.0009002685547
1563,15.63,250.0009002685547
1564,15.64,250.0009002685547
1565,15.65,250.0009002685547
1566,15.66,250.0009002685547
1567,15.67,250.0009002685547
1568,15.68,250.00088500976562
1569,15.69,250.0009002685547
1570,15.7,250.0009002685547
1571,15.71,250.0009002685547
1572,15.72,250.0009002685547
1573,15.73,250.0009002685547
1574,15.74,250.0009002685547
1575,15.75,250.0009002685547
1576,15.76,250.0009002685547
1577,15.77,250.00088500976562
1578,15.78,250.00088500976562
1579,15.79,250.0009002685547
1580,15.8,250.0009002685547
1581,15.81,250.0009002685547
1582,15.82,250.0009002685547
1583,15.83,250.0009002685547
1584,15.84,250.0009002685547
1585,15.85,250.0009002685547
1586,15.86,250.0009002685547
1587,15.87,250.0009002685547
1588,15.88,250.0009002685547
1589,15.89,250.0009002685547
1590,15.9,250.00088500976562
1591,15.91,250.0009002685547
1592,15.92,250.0009002685547
1593,15.93,250.0009002685547
1594,15.94,250.0009002685547
1595,15.95,250.0009002685547
1596,15.96,250.0009002685547
1597,15.97,250.0009002685547
1598,15.98,250.0009002685547
1599,15.99,250.0009002685547
1600,16.0,250.0009002685547
1601,16.01,250.0009002685547
1602,16.02,250.0009002685547
1603,16.03,250.0009002685547
1604,16.04,250.0009002685547
1605,16.05,250.00088500976562
1606,16.06,250.0009002685547
1607,16.07,250.0009002685547
1608,16.08,250.0009002685547
1609,16.09,250.0009002685547
1610,16.1,250.00088500976562
1611,16.11,250.0009002685547
1612,16.12,250.0009002685547
1613,16.13,250.0009002685547
1614,16.14,250.00088500976562
1615,16.15,250.0009002685547
1616,16.16,250.0009002685547
1617,16.17,250.00088500976562
1618,16.18,250.0009002685547
1619,16.19,250.00088500976562
1620,16.2,250.0009002685547
1621,16.21,250.0009002685547
1622,16.22,250.00088500976562
1623,16.23,250.0009002685547
1624,16.24,250.0009002685547
1625,16.25,250.0009002685547
1626,16.26,250.0009002685547
1627,16.27,250.0009002685547
1628,16.28,250.0009002685547
1629,16.29,250.0009002685547
1630,16.3,250.0009002685547
1631,16.31,250.0009002685547
1632,16.32,250.00088500976562
1633,16.33,250.0009002685547
1634,16.34,250.0009002685547
1635,16.35,250.0009002685547
1636,16.36,250.0009002685547
1637,16.37,250.0009002685547
1638,16.38,250.0009002685547
1639,16.39,250.0009002685547
1640,16.4,250.0009002685547
1641,16.41,250.0009002685547
1642,16.42,250.0009002685547
1643,16.43,250.0009002685547
1644,16.44,250.0009002685547
1645,16.45,250.00088500976562
1646,16.46,250.0009002685547
1647,16.47,250.0009002685547
1648,16.48,250.0009002685547
1649,16.49,250.0009002685547
1650,16.5,250.0009002685547
1651,16.51,250.00088500976562
1652,16.52,250.0009002685547
1653,16.53,250.00088500976562
1654,16.54,250.0009002685547
1655,16.55,250.0009002685547
1656,16.56,250.0009002685547
1657,16.57,250.0009002685547
1658,16.58,250.0009002685547
1659,16.59,250.0009002685547
1660,16.6,250.0009002685547
1661,16.61,250.0009002685547
1662,16.62,250.0009002685547
1663,16.63,250.0009002685547
1664,16.64,250.0009002685547
1665,16.65,250.0009002685547
1666,16.66,250.0009002685547
1667,16.67,250.0009002685547
1668,16.68,250.0009002685547
1669,16.69,250.00088500976562
1670,16.7,250.0009002685547
1671,16.71,250.0009002685547
1672,16.72,250.0009002685547
1673,16.73,250.0009002685547
1674,16.74,250.0009002685547
1675,16.75,250.0009002685547
1676,16.76,250.0009002685547
1677,16.77,250.0009002685547
1678,16.78,250.00088500976562
1679,16.79,250.0009002685547
1680,16.8,250.00088500976562
1681,16.81,250.00088500976562
1682,16.82,250.0009002685547
1683,16.83,250.0009002685547
1684,16.84,250.0009002685547
1685,16.85,250.0009002685547
1686,16.86,250.0009002685547
1687,16.87,250.0009002685547
1688,16.88,250.0009002685547
1689,16.89,250.0009002685547
1690,16.9,250.0009002685547
1691,16.91,250.0009002685547
1692,16.92,250.0009002685547
1693,16.93,250.0009002685547
1694,16.94,250.0009002685547
1695,16.95,250.0009002685547
1696,16.96,250.0009002685547
1697,16.97,250.0009002685547
1698,16.98,250.0009002685547
1699,16.99,250.0009002685547
1700,17.0,250.0009002685547
1701,17.01,250.00088500976562
1702,17.02,250.0009002685547
1703,17.03,250.0009002685547
1704,17.04,250.00088500976562
1705,17.05,250.0009002685547
1706,17.06,250.0009002685547
1707,17.07,250.0009002685547
1708,17.08,250.0009002685547
1709,17.09,250.0009002685547
1710,17.1,250.0009002685547
1711,17.11,250.0009002685547
1712,17.12,250.0009002685547
1713,17.13,250.0009002685547
1714,17.14,250.0009002685547
1715,17.15,250.0009002685547
1716,17.16,250.0009002685547
1717,17.17,250.0009002685547
1718,17.18,250.0009002685547
1719,17.19,250.0009002685547
1720,17.2,250.0009002685547
1721,17.21,250.0009002685547
1722,17.22,250.0009002685547
1723,17.23,250.0009002685547
1724,17.24,250.0009002685547
1725,17.25,250.0009002685547
1726,17.26,250.0009002685547
1727,17.27,250.0009002685547
1728,17.28,250.0009002685547
1729,17.29,250.0009002685547
1730,17.3,250.0009002685547
1731,17.31,250.0009002685547
1732,17.32,250.0009002685547
1733,17.33,250.0009002685547
1734,17.34,250.0009002685547
1735,17.35,250.0009002685547
1736,17.36,250.0009002685547
1737,17.37,250.0009002685547
1738,17.38,250.0009002685547
1739,17.39,250.0009002685547
1740,17.4,250.0009002685547
1741,17.41,250.0009002685547
1742,17.42,250.0009002685547
1743,17.43,250.0009002685547
1744,17.44,250.00088500976562
1745,17.45,250.0009002685547
1746,17.46,250.0009002685547
1747,17.47,250.0009002685547
1748,17.48,250.0009002685547
1749,17.49,250.0009002685547
1750,17.5,250.0009002685547
1751,17.51,250.0009002685547
1752,17.52,250.0009002685547
1753,17.53,250.0009002685547
1754,17.54,250.0009002685547
1755,17.55,250.0009002685547
1756,17.56,250.0009002685547
1757,17.57,250.0009002685547
1758,17.58,250.0009002685547
1759,17.59,250.0009002685547
1760,17.6,250.0009002685547
1761,17.61,250.0009002685547
1762,17.62,250.0009002685547
1763,17.63,250.0009002685547
1764,17.64,250.0009002685547
1765,17.65,250.0009002685547
1766,17.66,250.0009002685547
1767,17.67,250.0009002685547
1768,17.68,250.0009002685547
1769,17.69,250.0009002685547
1770,17.7,250.0009002685547
1771,17.71,250.0009002685547
1772,17.72,250.0009002685547
1773,17.73,250.0009002685547
1774,17.74,250.0009002685547
1775,17.75,250.0009002685547
1776,17.76,250.0009002685547
1777,17.77,250.0009002685547
1778,17.78,250.0009002685547
1779,17.79,250.0009002685547
1780,17.8,250.0009002685547
1781,17.81,250.0009002685547
1782,17.82,250.0009002685547
1783,17.83,250.0009002685547
1784,17.84,250.0009002685547
1785,17.85,250.0009002685547
1786,17.86,250.0009002685547
1787,17.87,250.0009002685547
1788,17.88,250.0009002685547
1789,17.89,250.0009002685547
1790,17.9,250.0009002685547
1791,17.91,250.0009002685547
1792,17.92,250.0009002685547
1793,17.93,250.0009002685547
1794,17.94,250.0009002685547
1795,17.95,250.0009002685547
1796,17.96,250.0009002685547
1797,17.97,250.0009002685547
1798,17.98,250.0009002685547
1799,17.99,250.0009002685547
1800,18.0,250.0009002685547
1801,18.01,250.0009002685547
1802,18.02,250.0009002685547
1803,18.03,250.0009002685547
1804,18.04,250.0009002685547
1805,18.05,250.0009002685547
1806,18.06,250.0009002685547
1807,18.07,250.0009002685547
1808,18.08,250.0009002685547
1809,18.09,250.0009002685547
1810,18.1,250.0009002685547
1811,18.11,250.0009002685547
1812,18.12,250.0009002685547
1813,18.13,250.0009002685547
1814,18.14,250.0009002685547
1815,18.15,250.0009002685547
1816,18.16,250.0009002685547
1817,18.17,250.0009002685547
1818,18.18,250.0009002685547
1819,18.19,250.0009002685547
1820,18.2,250.0009002685547
1821,18.21,250.0009002685547
1822,18.22,250.0009002685547
1823,18.23,250.0009002685547
1824,18.24,250.0009002685547
1825,18.25,250.0009002685547
1826,18.26,250.0009002685547
1827,18.27,250.0009002685547
1828,18.28,250.0009002685547
1829,18.29,250.0009002685547
1830,18.3,250.0009002685547
1831,18.31,250.0009002685547
1832,18.32,250.0009002685547
1833,18.33,250.0009002685547
1834,18.34,250.0009002685547
1835,18.35,250.0009002685547
1836,18.36,250.0009002685547
1837,18.37,250.0009002685547
1838,18.38,250.0009002685547
1839,18.39,250.0009002685547
1840,18.4,250.0009002685547
1841,18.41,250.0009002685547
1842,18.42,250.0009002685547
1843,18.43,250.0009002685547
1844,18.44,250.0009002685547
1845,18.45,250.0009002685547
1846,18.46,250.0009002685547
1847,18.47,250.0009002685547
1848,18.48,250.0009002685547
1849,18.49,250.0009002685547
1850,18.5,250.0009002685547
1851,18.51,250.0009002685547
1852,18.52,250.0009002685547
1853,18.53,250.0009002685547
1854,18.54,250.0009002685547
1855,18.55,250.0009002685547
1856,18.56,250.0009002685547
1857,18.57,250.0009002685547
1858,18.58,250.0009002685547
1859,18.59,250.0009002685547
1860,18.6,250.0009002685547
1861,18.61,250.0009002685547
1862,18.62,250.0009002685547
1863,18.63,250.0009002685547
1864,18.64,250.0009002685547
1865,18.65,250.0009002685547
1866,18.66,250.0009002685547
1867,18.67,250.00088500976562
1868,18.68,250.0009002685547
1869,18.69,250.0009002685547
1870,18.7,250.0009002685547
1871,18.71,250.0009002685547
1872,18.72,250.0009002685547
1873,18.73,250.0009002685547
1874,18.74,250.0009002685547
1875,18.75,250.0009002685547
1876,18.76,250.0009002685547
1877,18.77,250.0009002685547
1878,18.78,250.0009002685547
1879,18.79,250.0009002685547
1880,18.8,250.0009002685547
1881,18.81,250.0009002685547
1882,18.82,250.0009002685547
1883,18.83,250.0009002685547
1884,18.84,250.0009002685547
1885,18.85,250.0009002685547
1886,18.86,250.00088500976562
1887,18.87,250.0009002685547
1888,18.88,250.0009002685547
1889,18.89,250.0009002685547
1890,18.9,250.0009002685547
1891,18.91,250.0009002685547
1892,18.92,250.0009002685547
1893,18.93,250.0009002685547
1894,18.94,250.0009002685547
1895,18.95,250.0009002685547
1896,18.96,250.0009002685547
1897,18.97,250.0009002685547
1898,18.98,250.00088500976562
1899,18.99,250.0009002685547
1900,19.0,250.0009002685547
1901,19.01,250.00088500976562
1902,19.02,250.0009002685547
1903,19.03,250.0009002685547
1904,19.04,250.0009002685547
1905,19.05,250.0009002685547
1906,19.06,250.0009002685547
1907,19.07,250.0009002685547
1908,19.08,250.0009002685547
1909,19.09,250.0009002685547
1910,19.1,250.0009002685547
1911,19.11,250.0009002685547
1912,19.12,250.0009002685547
1913,19.13,250.0009002685547
1914,19.14,250.0009002685547
1915,19.15,250.0009002685547
1916,19.16,250.0009002685547
1917,19.17,250.0009002685547
1918,19.18,250.0009002685547
1919,19.19,250.0009002685547
1920,19.2,250.0009002685547
1921,19.21,250.0009002685547
1922,19.22,250.0009002685547
1923,19.23,250.0009002685547
1924,19.24,250.0009002685547
1925,19.25,250.0009002685547
1926,19.26,250.0009002685547
1927,19.27,250.0009002685547
1928,19.28,250.0009002685547
1929,19.29,250.0009002685547
1930,19.3,250.0009002685547
1931,19.31,250.0009002685547
1932,19.32,250.0009002685547
1933,19.33,250.0009002685547
1934,19.34,250.0009002685547
1935,19.35,250.0009002685547
1936,19.36,250.0009002685547
1937,19.37,250.0009002685547
1938,19.38,250.0009002685547
1939,19.39,250.0009002685547
1940,19.4,250.0009002685547
1941,19.41,250.0009002685547
1942,19.42,250.0009002685547
1943,19.43,250.0009002685547
1944,19.44,250.0009002685547
1945,19.45,250.0009002685547
1946,19.46,250.0009002685547
1947,19.47,250.0009002685547
1948,19.48,250.0009002685547
1949,19.49,250.0009002685547
1950,19.5,250.0009002685547
1951,19.51,250.0009002685547
1952,19.52,250.0009002685547
1953,19.53,250.0009002685547
1954,19.54,250.0009002685547
1955,19.55,250.0009002685547
1956,19.56,250.0009002685547
1957,19.57,250.0009002685547
1958,19.58,250.0009002685547
1959,19.59,250.0009002685547
1960,19.6,250.0009002685547
1961,19.61,250.0009002685547
1962,19.62,250.0009002685547
1963,19.63,250.0009002685547
1964,19.64,250.0009002685547
1965,19.65,250.0009002685547
1966,19.66,250.0009002685547
1967,19.67,250.0009002685547
1968,19.68,250.0009002685547
1969,19.69,250.0009002685547
1970,19.7,250.0009002685547
1971,19.71,250.0009002685547
1972,19.72,250.0009002685547
1973,19.73,250.0009002685547
1974,19.74,250.0009002685547
1975,19.75,250.0009002685547
1976,19.76,250.0009002685547
1977,19.77,250.0009002685547
1978,19.78,250.0009002685547
1979,19.79,250.0009002685547
1980,19.8,250.0009002685547
1981,19.81,250.0009002685547
1982,19.82,250.0009002685547
1983,19.83,250.0009002685547
1984,19.84,250.0009002685547
1985,19.85,250.0009002685547
1986,19.86,250.0009002685547
1987,19.87,250.0009002685547
1988,19.88,250.0009002685547
1989,19.89,250.0009002685547
1990,19.9,250.0009002685547
1991,19.91,250.0009002685547
1992,19.92,250.0009002685547
1993,19.93,250.0009002685547
1994,19.94,250.0009002685547
1995,19.95,250.0009002685547
1996,19.96,250.0009002685547
1997,19.97,250.0009002685547
1998,19.98,250.0009002685547
1999,19.99,250.0009002685547
2000,20.0,250.0009002685547
2001,20.01,250.0009002685547
2002,20.02,250.0009002685547
2003,20.03,250.0009002685547
2004,20.04,250.0009002685547
2005,20.05,250.0009002685547
2006,20.06,250.0009002685547
2007,20.07,250.0009002685547
2008,20.08,250.0009002685547
2009,20.09,250.0009002685547
2010,20.1,250.0009002685547
2011,20.11,250.0009002685547
2012,20.12,250.0009002685547
2013,20.13,250.0009002685547
2014,20.14,250.0009002685547
2015,20.15,250.0009002685547
2016,20.16,250.0009002685547
2017,20.17,250.0009002685547
2018,20.18,250.0009002685547
2019,20.19,250.0009002685547
2020,20.2,250.0009002685547
2021,20.21,250.0009002685547
2022,20.22,250.0009002685547
2023,20.23,250.0009002685547
2024,20.24,250.0009002685547
2025,20.25,250.0009002685547
2026,20.26,250.0009002685547
2027,20.27,250.0009002685547
2028,20.28,250.0009002685547
2029,20.29,250.0009002685547
2030,20.3,250.0009002685547
2031,20.31,250.0009002685547
2032,20.32,250.0009002685547
2033,20.33,250.0009002685547
2034,20.34,250.0009002685547
2035,20.35,250.0009002685547
2036,20.36,250.0009002685547
2037,20.37,250.0009002685547
2038,20.38,250.0009002685547
2039,20.39,250.0009002685547
2040,20.4,250.0009002685547
2041,20.41,250.0009002685547
2042,20.42,250.0009002685547
2043,20.43,250.0009002685547
2044,20.44,250.0009002685547
2045,20.45,250.0009002685547
2046,20.46,250.0009002685547
2047,20.47,250.0009002685547
2048,20.48,250.0009002685547
2049,20.49,250.0009002685547
2050,20.5,250.0009002685547
2051,20.51,250.0009002685547
2052,20.52,250.0009002685547
2053,20.53,250.0009002685547
2054,20.54,250.0009002685547
2055,20.55,250.0009002685547
2056,20.56,250.0009002685547
2057,20.57,250.0009002685547
2058,20.58,250.0009002685547
2059,20.59,250.0009002685547
2060,20.6,250.0009002685547
2061,20.61,250.0009002685547
2062,20.62,250.0009002685547
2063,20.63,250.0009002685547
2064,20.64,250.0009002685547
2065,20.65,250.0009002685547
2066,20.66,250.0009002685547
2067,20.67,250.0009002685547
2068,20.68,250.00088500976562
2069,20.69,250.0009002685547
2070,20.7,250.0009002685547
2071,20.71,250.0009002685547
2072,20.72,250.0009002685547
2073,20.73,250.0009002685547
2074,20.74,250.0009002685547
2075,20.75,250.0009002685547
2076,20.76,250.0009002685547
2077,20.77,250.0009002685547
2078,20.78,250.0009002685547
2079,20.79,250.0009002685547
2080,20.8,250.0009002685547
2081,20.81,250.0009002685547
2082,20.82,250.0009002685547
2083,20.83,250.0009002685547
2084,20.84,250.0009002685547
2085,20.85,250.0009002685547
2086,20.86,250.0009002685547
2087,20.87,250.0009002685547
2088,20.88,250.0009002685547
2089,20.89,250.0009002685547
2090,20.9,250.0009002685547
2091,20.91,250.0009002685547
2092,20.92,250.0009002685547
2093,20.93,250.0009002685547
2094,20.94,250.0009002685547
2095,20.95,250.0009002685547
2096,20.96,250.0009002685547
2097,20.97,250.0009002685547
2098,20.98,250.0009002685547
2099,20.99,250.0009002685547
2100,21.0,250.0009002685547
2101,21.01,250.0009002685547
2102,21.02,250.0009002685547
2103,21.03,250.0009002685547
2104,21.04,250.0009002685547
2105,21.05,250.0009002685547
2106,21.06,250.0009002685547
2107,21.07,250.0009002685547
2108,21.08,250.0009002685547
2109,21.09,250.0009002685547
2110,21.1,250.0009002685547
2111,21.11,250.0009002685547
2112,21.12,250.0009002685547
2113,21.13,250.0009002685547
2114,21.14,250.0009002685547
2115,21.15,250.0009002685547
2116,21.16,250.0009002685547
2117,21.17,250.0009002685547
2118,21.18,250.0009002685547
2119,21.19,250.0009002685547
2120,21.2,250.0009002685547
2121,21.21,250.0009002685547
2122,21.22,250.0009002685547
2123,21.23,250.0009002685547
2124,21.24,250.0009002685547
2125,21.25,250.0009002685547
2126,21.26,250.0009002685547
2127,21.27,250.0009002685547
2128,21.28,250.0009002685547
2129,21.29,250.0009002685547
2130,21.3,250.0009002685547
2131,21.31,250.0009002685547
2132,21.32,250.0009002685547
2133,21.33,250.0009002685547
2134,21.34,250.0009002685547
2135,21.35,250.0009002685547
2136,21.36,250.0009002685547
2137,21.37,250.0009002685547
2138,21.38,250.0009002685547
2139,21.39,250.0009002685547
2140,21.4,250.0009002685547
2141,21.41,250.0009002685547
2142,21.42,250.0009002685547
2143,21.43,250.0009002685547
2144,21.44,250.0009002685547
2145,21.45,250.0009002685547
2146,21.46,250.0009002685547
2147,21.47,250.0009002685547
2148,21.48,250.0009002685547
2149,21.49,250.0009002685547
2150,21.5,250.0009002685547
2151,21.51,250.0009002685547
2152,21.52,250.0009002685547
2153,21.53,250.0009002685547
2154,21.54,250.0009002685547
2155,21.55,250.0009002685547
2156,21.56,250.0009002685547
2157,21.57,250.0009002685547
2158,21.58,250.0009002685547
2159,21.59,250.0009002685547
2160,21.6,250.0009002685547
2161,21.61,250.0009002685547
2162,21.62,250.0009002685547
2163,21.63,250.0009002685547
2164,21.64,250.0009002685547
2165,21.65,250.0009002685547
2166,21.66,250.0009002685547
2167,21.67,250.0009002685547
2168,21.68,250.0009002685547
2169,21.69,250.0009002685547
2170,21.7,250.0009002685547
2171,21.71,250.0009002685547
2172,21.72,250.0009002685547
2173,21.73,250.0009002685547
2174,21.74,250.0009002685547
2175,21.75,250.0009002685547
2176,21.76,250.0009002685547
2177,21.77,250.0009002685547
2178,21.78,250.0009002685547
2179,21.79,250.0009002685547
2180,21.8,250.0009002685547
2181,21.81,250.0009002685547
2182,21.82,250.0009002685547
2183,21.83,250.0009002685547
2184,21.84,250.0009002685547
2185,21.85,250.0009002685547
2186,21.86,250.0009002685547
2187,21.87,250.0009002685547
2188,21.88,250.0009002685547
2189,21.89,250.0009002685547
2190,21.9,250.0009002685547
2191,21.91,250.0009002685547
2192,21.92,250.0009002685547
2193,21.93,250.0009002685547
2194,21.94,250.0009002685547
2195,21.95,250.0009002685547
2196,21.96,250.0009002685547
2197,21.97,250.0009002685547
2198,21.98,250.0009002685547
2199,21.99,250.0009002685547
2200,22.0,250.0009002685547
2201,22.01,250.0009002685547
2202,22.02,250.0009002685547
2203,22.03,250.0009002685547
2204,22.04,250.0009002685547
2205,22.05,250.0009002685547
2206,22.06,250.0009002685547
2207,22.07,250.0009002685547
2208,22.08,250.0009002685547
2209,22.09,250.0009002685547
2210,22.1,250.0009002685547
2211,22.11,250.0009002685547
2212,22.12,250.0009002685547
2213,22.13,250.0009002685547
2214,22.14,250.0009002685547
2215,22.15,250.0009002685547
2216,22.16,250.0009002685547
2217,22.17,250.0009002685547
2218,22.18,250.0009002685547
2219,22.19,250.0009002685547
2220,22.2,250.0009002685547
2221,22.21,250.0009002685547
2222,22.22,250.0009002685547
2223,22.23,250.0009002685547
2224,22.24,250.0009002685547
2225,22.25,250.0009002685547
2226,22.26,250.0009002685547
2227,22.27,250.0009002685547
2228,22.28,250.0009002685547
2229,22.29,250.0009002685547
2230,22.3,250.0009002685547
2231,22.31,250.0009002685547
2232,22.32,250.0009002685547
2233,22.33,250.0009002685547
2234,22.34,250.0009002685547
2235,22.35,250.0009002685547
2236,22.36,250.0009002685547
2237,22.37,250.0009002685547
2238,22.38,250.0009002685547
2239,22.39,250.0009002685547
2240,22.4,250.0009002685547
2241,22.41,250.0009002685547
2242,22.42,250.0009002685547
2243,22.43,250.0009002685547
2244,22.44,250.0009002685547
2245,22.45,250.0009002685547
2246,22.46,250.0009002685547
2247,22.47,250.0009002685547
2248,22.48,250.0009002685547
2249,22.49,250.0009002685547
2250,22.5,250.0009002685547
2251,22.51,250.0009307861328
2252,22.52,250.0009002685547
2253,22.53,250.0009002685547
2254,22.54,250.0009002685547
2255,22.55,250.0009002685547
2256,22.56,250.0009002685547
2257,22.57,250.0009002685547
2258,22.58,250.0009002685547
2259,22.59,250.0009002685547
2260,22.6,250.0009002685547
2261,22.61,250.0009002685547
2262,22.62,250.0009002685547
2263,22.63,250.0009002685547
2264,22.64,250.0009002685547
2265,22.65,250.0009002685547
2266,22.66,250.0009002685547
2267,22.67,250.0009002685547
2268,22.68,250.0009002685547
2269,22.69,250.0009002685547
2270,22.7,250.0009002685547
2271,22.71,250.0009002685547
2272,22.72,250.0009002685547
2273,22.73,250.0009002685547
2274,22.74,250.0009002685547
2275,22.75,250.0009002685547
2276,22.76,250.0009002685547
2277,22.77,250.0009002685547
2278,22.78,250.0009002685547
2279,22.79,250.0009002685547
2280,22.8,250.0009002685547
2281,22.81,250.0009002685547
2282,22.82,250.0009002685547
2283,22.83,250.0009002685547
2284,22.84,250.0009002685547
2285,22.85,250.0009002685547
2286,22.86,250.0009002685547
2287,22.87,250.0009002685547
2288,22.88,250.0009002685547
2289,22.89,250.0009002685547
2290,22.9,250.0009002685547
2291,22.91,250.0009002685547
2292,22.92,250.0009002685547
2293,22.93,250.0009002685547
2294,22.94,250.0009002685547
2295,22.95,250.0009002685547
2296,22.96,250.0009002685547
2297,22.97,250.0009002685547
2298,22.98,250.0009002685547
2299,22.99,250.0009002685547
2300,23.0,250.0009002685547
2301,23.01,250.0009002685547
2302,23.02,250.0009002685547
2303,23.03,250.0009002685547
2304,23.04,250.0009002685547
2305,23.05,250.0009002685547
2306,23.06,250.0009002685547
2307,23.07,250.0009002685547
2308,23.08,250.0009002685547
2309,23.09,250.0009002685547
2310,23.1,250.0009002685547
2311,23.11,250.0009002685547
2312,23.12,250.0009002685547
2313,23.13,250.0009002685547
2314,23.14,250.0009002685547
2315,23.15,250.0009002685547
2316,23.16,250.0009002685547
2317,23.17,250.0009002685547
2318,23.18,250.0009307861328
2319,23.19,250.0009002685547
2320,23.2,250.0009002685547
2321,23.21,250.0009002685547
2322,23.22,250.0009002685547
2323,23.23,250.0009002685547
2324,23.24,250.0009002685547
2325,23.25,250.0009002685547
2326,23.26,250.0009002685547
2327,23.27,250.0009002685547
2328,23.28,250.0009002685547
2329,23.29,250.0009002685547
2330,23.3,250.0009002685547
2331,23.31,250.0009002685547
2332,23.32,250.0009002685547
2333,23.33,250.0009002685547
2334,23.34,250.0009002685547
2335,23.35,250.0009002685547
2336,23.36,250.0009002685547
2337,23.37,250.0009002685547
2338,23.38,250.0009002685547
2339,23.39,250.0009002685547
2340,23.4,250.0009002685547
2341,23.41,250.0009002685547
2342,23.42,250.0009002685547
2343,23.43,250.0009002685547
2344,23.44,250.0009002685547
2345,23.45,250.0009002685547
2346,23.46,250.0009002685547
2347,23.47,250.0009002685547
2348,23.48,250.0009002685547
2349,23.49,250.0009002685547
2350,23.5,250.0009002685547
2351,23.51,250.0009002685547
2352,23.52,250.0009002685547
2353,23.53,250.0009002685547
2354,23.54,250.0009002685547
2355,23.55,250.0009002685547
2356,23.56,250.0009002685547
2357,23.57,250.0009002685547
2358,23.58,250.0009002685547
2359,23.59,250.0009002685547
2360,23.6,250.0009002685547
2361,23.61,250.0009002685547
2362,23.62,250.0009002685547
2363,23.63,250.0009002685547
2364,23.64,250.0009002685547
2365,23.65,250.0009002685547
2366,23.66,250.0009002685547
2367,23.67,250.0009002685547
2368,23.68,250.0009002685547
2369,23.69,250.0009002685547
2370,23.7,250.0009002685547
2371,23.71,250.0009002685547
2372,23.72,250.0009002685547
2373,23.73,250.0009002685547
2374,23.74,250.0009002685547
2375,23.75,250.0009002685547
2376,23.76,250.0009002685547
2377,23.77,250.0009002685547
2378,23.78,250.0009002685547
2379,23.79,250.0009002685547
2380,23.8,250.0009002685547
2381,23.81,250.0009002685547
2382,23.82,250.0009002685547
2383,23.83,250.0009002685547
2384,23.84,250.0009002685547
2385,23.85,250.0009002685547
2386,23.86,250.0009002685547
2387,23.87,250.0009002685547
2388,23.88,250.0009002685547
2389,23.89,250.0009002685547
2390,23.9,250.0009002685547
2391,23.91,250.0009002685547
2392,23.92,250.0009002685547
2393,23.93,250.0009002685547
2394,23.94,250.0009002685547
2395,23.95,250.0009002685547
2396,23.96,250.0009002685547
2397,23.97,250.0009002685547
2398,23.98,250.0009002685547
2399,23.99,250.0009002685547
2400,24.0,250.0009002685547
2401,24.01,250.0009002685547
2402,24.02,250.0009002685547
2403,24.03,250.0009002685547
2404,24.04,250.0009002685547
2405,24.05,250.0009002685547
2406,24.06,250.0009002685547
2407,24.07,250.0009002685547
2408,24.08,250.0009002685547
2409,24.09,250.0009002685547
2410,24.1,250.0009002685547
2411,24.11,250.0009002685547
2412,24.12,250.0009002685547
2413,24.13,250.0009002685547
2414,24.14,250.0009002685547
2415,24.15,250.0009002685547
2416,24.16,250.0009002685547
2417,24.17,250.0009002685547
2418,24.18,250.0009002685547
2419,24.19,250.0009002685547
2420,24.2,250.0009002685547
2421,24.21,250.0009002685547
2422,24.22,250.0009002685547
2423,24.23,250.0009002685547
2424,24.24,250.0009002685547
2425,24.25,250.0009002685547
2426,24.26,250.0009002685547
2427,24.27,250.0009002685547
2428,24.28,250.0009002685547
2429,24.29,250.0009002685547
2430,24.3,250.0009002685547
2431,24.31,250.0009002685547
2432,24.32,250.0009002685547
2433,24.33,250.0009002685547
2434,24.34,250.0009002685547
2435,24.35,250.0009002685547
2436,24.36,250.0009002685547
2437,24.37,250.0009002685547
2438,24.38,250.0009002685547
2439,24.39,250.0009002685547
2440,24.4,250.0009002685547
2441,24.41,250.0009002685547
2442,24.42,250.0009002685547
2443,24.43,250.0009002685547
2444,24.44,250.0009002685547
2445,24.45,250.0009002685547
2446,24.46,250.0009002685547
2447,24.47,250.0009002685547
2448,24.48,250.0009002685547
2449,24.49,250.0009002685547
2450,24.5,250.0009002685547
2451,24.51,250.0009002685547
2452,24.52,250.0009002685547
2453,24.53,250.0009002685547
2454,24.54,250.0009002685547
2455,24.55,250.0009002685547
2456,24.56,250.0009002685547
2457,24.57,250.0009002685547
2458,24.58,250.0009002685547
2459,24.59,250.0009002685547
2460,24.6,250.0009002685547
2461,24.61,250.0009002685547
2462,24.62,250.0009002685547
2463,24.63,250.0009002685547
2464,24.64,250.0009002685547
2465,24.65,250.0009002685547
2466,24.66,250.0009002685547
2467,24.67,250.0009002685547
2468,24.68,250.0009002685547
2469,24.69,250.0009002685547
2470,24.7,250.0009002685547
2471,24.71,250.0009002685547
2472,24.72,250.0009002685547
2473,24.73,250.0009002685547
2474,24.74,250.0009002685547
2475,24.75,250.0009002685547
2476,24.76,250.0009002685547
2477,24.77,250.0009002685547
2478,24.78,250.0009002685547
2479,24.79,250.0009002685547
2480,24.8,250.0009002685547
2481,24.81,250.0009002685547
2482,24.82,250.0009002685547
2483,24.83,250.0009307861328
2484,24.84,250.0009002685547
2485,24.85,250.0009002685547
2486,24.86,250.0009002685547
2487,24.87,250.0009002685547
2488,24.88,250.0009002685547
2489,24.89,250.0009002685547
2490,24.9,250.0009002685547
2491,24.91,250.0009002685547
2492,24.92,250.0009002685547
2493,24.93,250.0009002685547
2494,24.94,250.0009307861328
2495,24.95,250.0009002685547
2496,24.96,250.0009002685547
2497,24.97,250.0009002685547
2498,24.98,250.0009002685547
2499,24.99,250.0009002685547
2500,25.0,250.0009002685547
