,Time,Energy
0,0.0,1.2500044332952598e-09
1,0.01,1.2500043222729573e-09
2,0.02,1.2500044332952598e-09
3,0.03,1.2500044332952598e-09
4,0.04,1.2500044332952598e-09
5,0.05,1.2500044332952598e-09
6,0.06,1.2500044332952598e-09
7,0.07,1.2500044332952598e-09
8,0.08,1.2500044332952598e-09
9,0.09,1.2500044332952598e-09
10,0.1,1.2500045443175622e-09
11,0.11,1.2500044332952598e-09
12,0.12,1.2500045443175622e-09
13,0.13,1.2500043222729573e-09
14,0.14,1.2500044332952598e-09
15,0.15,1.2500044332952598e-09
16,0.16,1.2500045443175622e-09
17,0.17,1.2500044332952598e-09
18,0.18,1.2500044332952598e-09
19,0.19,1.2500044332952598e-09
20,0.2,1.2500044332952598e-09
21,0.21,1.2500045443175622e-09
22,0.22,1.2500044332952598e-09
23,0.23,1.2500044332952598e-09
24,0.24,1.2500044332952598e-09
25,0.25,1.2500044332952598e-09
26,0.26,1.2500045443175622e-09
27,0.27,1.2500043222729573e-09
28,0.28,1.2500044332952598e-09
29,0.29,1.2500044332952598e-09
30,0.3,1.2500043222729573e-09
31,0.31,1.2500044332952598e-09
32,0.32,1.2500044332952598e-09
33,0.33,1.2500044332952598e-09
34,0.34,1.2500043222729573e-09
35,0.35,1.2500044332952598e-09
36,0.36,1.2500044332952598e-09
37,0.37,1.2500044332952598e-09
38,0.38,1.2500044332952598e-09
39,0.39,1.2500044332952598e-09
40,0.4,1.2500045443175622e-09
41,0.41,1.2500043222729573e-09
42,0.42,1.2500044332952598e-09
43,0.43,1.2500045443175622e-09
44,0.44,1.2500044332952598e-09
45,0.45,1.2500044332952598e-09
46,0.46,1.2500044332952598e-09
47,0.47,1.2500044332952598e-09
48,0.48,1.2500045443175622e-09
49,0.49,1.2500044332952598e-09
50,0.5,1.2500045443175622e-09
51,0.51,1.2500045443175622e-09
52,0.52,1.2500044332952598e-09
53,0.53,1.2500044332952598e-09
54,0.54,1.2500044332952598e-09
55,0.55,1.2500044332952598e-09
56,0.56,1.2500045443175622e-09
57,0.57,1.2500044332952598e-09
58,0.58,1.2500045443175622e-09
59,0.59,1.2500044332952598e-09
60,0.6,1.2500044332952598e-09
61,0.61,1.2500045443175622e-09
62,0.62,1.2500044332952598e-09
63,0.63,1.2500045443175622e-09
64,0.64,1.2500044332952598e-09
65,0.65,1.2500044332952598e-09
66,0.66,1.2500045443175622e-09
67,0.67,1.2500044332952598e-09
68,0.68,1.2500045443175622e-09
69,0.69,1.2500044332952598e-09
70,0.7,1.2500044332952598e-09
71,0.71,1.2500043222729573e-09
72,0.72,1.2500045443175622e-09
73,0.73,1.2500044332952598e-09
74,0.74,1.2500044332952598e-09
75,0.75,1.2500045443175622e-09
76,0.76,1.2500044332952598e-09
77,0.77,1.2500045443175622e-09
78,0.78,1.2500044332952598e-09
79,0.79,1.2500044332952598e-09
80,0.8,1.2500045443175622e-09
81,0.81,1.2500044332952598e-09
82,0.82,1.2500044332952598e-09
83,0.83,1.2500044332952598e-09
84,0.84,1.2500044332952598e-09
85,0.85,1.2500044332952598e-09
86,0.86,1.2500045443175622e-09
87,0.87,1.2500044332952598e-09
88,0.88,1.2500043222729573e-09
89,0.89,1.2500044332952598e-09
90,0.9,1.2500045443175622e-09
91,0.91,1.2500043222729573e-09
92,0.92,1.2500044332952598e-09
93,0.93,1.2500044332952598e-09
94,0.94,1.2500044332952598e-09
95,0.95,1.2500045443175622e-09
96,0.96,1.2500045443175622e-09
97,0.97,1.2500044332952598e-09
98,0.98,1.2500044332952598e-09
99,0.99,1.2500044332952598e-09
100,1.0,1.2500045443175622e-09
101,1.01,1.2500045443175622e-09
102,1.02,1.2500044332952598e-09
103,1.03,1.2500044332952598e-09
104,1.04,1.2500045443175622e-09
105,1.05,1.2500043222729573e-09
106,1.06,1.2500044332952598e-09
107,1.07,1.2500044332952598e-09
108,1.08,1.2500045443175622e-09
109,1.09,1.2500044332952598e-09
110,1.1,1.2500045443175622e-09
111,1.11,1.2500045443175622e-09
112,1.12,1.2500044332952598e-09
113,1.13,1.2500044332952598e-09
114,1.14,1.2500043222729573e-09
115,1.15,1.2500045443175622e-09
116,1.16,1.2500043222729573e-09
117,1.17,1.2500044332952598e-09
118,1.18,1.2500044332952598e-09
119,1.19,1.2500044332952598e-09
120,1.2,1.2500045443175622e-09
121,1.21,1.2500044332952598e-09
122,1.22,1.2500044332952598e-09
123,1.23,1.2500044332952598e-09
124,1.24,1.2500044332952598e-09
125,1.25,1.2500045443175622e-09
126,1.26,1.2500044332952598e-09
127,1.27,1.2500044332952598e-09
128,1.28,1.2500044332952598e-09
129,1.29,1.2500045443175622e-09
130,1.3,1.2500044332952598e-09
131,1.31,1.2500044332952598e-09
132,1.32,1.2500044332952598e-09
133,1.33,1.2500043222729573e-09
134,1.34,1.2500045443175622e-09
135,1.35,1.2500044332952598e-09
136,1.36,1.2500044332952598e-09
137,1.37,1.2500044332952598e-09
138,1.38,1.2500045443175622e-09
139,1.39,1.2500045443175622e-09
140,1.4,1.2500043222729573e-09
141,1.41,1.2500045443175622e-09
142,1.42,1.2500045443175622e-09
143,1.43,1.2500044332952598e-09
144,1.44,1.2500043222729573e-09
145,1.45,1.2500043222729573e-09
146,1.46,1.2500044332952598e-09
147,1.47,1.2500044332952598e-09
148,1.48,1.2500044332952598e-09
149,1.49,1.2500044332952598e-09
150,1.5,1.2500044332952598e-09
151,1.51,1.2500044332952598e-09
152,1.52,1.2500045443175622e-09
153,1.53,1.2500043222729573e-09
154,1.54,1.2500044332952598e-09
155,1.55,1.2500044332952598e-09
156,1.56,1.2500044332952598e-09
157,1.57,1.2500043222729573e-09
158,1.58,1.2500044332952598e-09
159,1.59,1.2500044332952598e-09
160,1.6,1.2500045443175622e-09
161,1.61,1.2500045443175622e-09
162,1.62,1.2500044332952598e-09
163,1.63,1.2500045443175622e-09
164,1.64,1.2500044332952598e-09
165,1.65,1.2500044332952598e-09
166,1.66,1.2500044332952598e-09
167,1.67,1.2500043222729573e-09
168,1.68,1.2500044332952598e-09
169,1.69,1.2500044332952598e-09
170,1.7,1.2500043222729573e-09
171,1.71,1.2500045443175622e-09
172,1.72,1.2500044332952598e-09
173,1.73,1.2500044332952598e-09
174,1.74,1.2500044332952598e-09
175,1.75,1.2500044332952598e-09
176,1.76,1.2500044332952598e-09
177,1.77,1.2500044332952598e-09
178,1.78,1.2500044332952598e-09
179,1.79,1.2500045443175622e-09
180,1.8,1.2500044332952598e-09
181,1.81,1.2500044332952598e-09
182,1.82,1.2500044332952598e-09
183,1.83,1.2500043222729573e-09
184,1.84,1.2500044332952598e-09
185,1.85,1.2500044332952598e-09
186,1.86,1.2500044332952598e-09
187,1.87,1.2500044332952598e-09
188,1.88,1.2500044332952598e-09
189,1.89,1.2500045443175622e-09
190,1.9,1.2500044332952598e-09
191,1.91,1.2500044332952598e-09
192,1.92,1.2500045443175622e-09
193,1.93,1.2500043222729573e-09
194,1.94,1.2500044332952598e-09
195,1.95,1.2500043222729573e-09
196,1.96,1.2500044332952598e-09
197,1.97,1.2500044332952598e-09
198,1.98,1.2500044332952598e-09
199,1.99,1.2500045443175622e-09
200,2.0,1.2500044332952598e-09
201,2.01,1.2500045443175622e-09
202,2.02,1.2500045443175622e-09
203,2.03,1.2500044332952598e-09
204,2.04,1.2500045443175622e-09
205,2.05,1.2500045443175622e-09
206,2.06,1.2500044332952598e-09
207,2.07,1.2500045443175622e-09
208,2.08,1.2500044332952598e-09
209,2.09,1.2500044332952598e-09
210,2.1,1.2500044332952598e-09
211,2.11,1.2500043222729573e-09
212,2.12,1.2500044332952598e-09
213,2.13,1.2500045443175622e-09
214,2.14,1.2500044332952598e-09
215,2.15,1.2500045443175622e-09
216,2.16,1.2500043222729573e-09
217,2.17,1.2500044332952598e-09
218,2.18,1.2500044332952598e-09
219,2.19,1.2500044332952598e-09
220,2.2,1.2500044332952598e-09
221,2.21,1.2500044332952598e-09
222,2.22,1.2500045443175622e-09
223,2.23,1.2500044332952598e-09
224,2.24,1.2500044332952598e-09
225,2.25,1.2500043222729573e-09
226,2.26,1.2500045443175622e-09
227,2.27,1.2500044332952598e-09
228,2.28,1.2500044332952598e-09
229,2.29,1.2500044332952598e-09
230,2.3,1.2500044332952598e-09
231,2.31,1.2500044332952598e-09
232,2.32,1.2500044332952598e-09
233,2.33,1.2500044332952598e-09
234,2.34,1.2500044332952598e-09
235,2.35,1.2500044332952598e-09
236,2.36,1.2500045443175622e-09
237,2.37,1.2500043222729573e-09
238,2.38,1.2500045443175622e-09
239,2.39,1.2500043222729573e-09
240,2.4,1.2500044332952598e-09
241,2.41,1.2500044332952598e-09
242,2.42,1.2500044332952598e-09
243,2.43,1.2500045443175622e-09
244,2.44,1.2500044332952598e-09
245,2.45,1.2500044332952598e-09
246,2.46,1.2500044332952598e-09
247,2.47,1.2500045443175622e-09
248,2.48,1.2500044332952598e-09
249,2.49,1.2500044332952598e-09
250,2.5,1.2500044332952598e-09
251,2.51,1.2500044332952598e-09
252,2.52,1.2500044332952598e-09
253,2.53,1.2500044332952598e-09
254,2.54,1.2500044332952598e-09
255,2.55,1.2500044332952598e-09
256,2.56,1.2500044332952598e-09
257,2.57,1.2500045443175622e-09
258,2.58,1.2500044332952598e-09
259,2.59,1.2500044332952598e-09
260,2.6,1.2500044332952598e-09
261,2.61,1.2500044332952598e-09
262,2.62,1.2500044332952598e-09
263,2.63,1.2500044332952598e-09
264,2.64,1.2500044332952598e-09
265,2.65,1.2500044332952598e-09
266,2.66,1.2500045443175622e-09
267,2.67,1.2500044332952598e-09
268,2.68,1.2500044332952598e-09
269,2.69,1.2500044332952598e-09
270,2.7,1.2500044332952598e-09
271,2.71,1.2500044332952598e-09
272,2.72,1.2500045443175622e-09
273,2.73,1.2500045443175622e-09
274,2.74,1.2500045443175622e-09
275,2.75,1.2500044332952598e-09
276,2.76,1.2500045443175622e-09
277,2.77,1.2500044332952598e-09
278,2.78,1.2500044332952598e-09
279,2.79,1.2500044332952598e-09
280,2.8,1.2500044332952598e-09
281,2.81,1.2500044332952598e-09
282,2.82,1.2500044332952598e-09
283,2.83,1.2500044332952598e-09
284,2.84,1.2500044332952598e-09
285,2.85,1.2500044332952598e-09
286,2.86,1.2500044332952598e-09
287,2.87,1.2500044332952598e-09
288,2.88,1.2500045443175622e-09
289,2.89,1.2500045443175622e-09
290,2.9,1.2500045443175622e-09
291,2.91,1.2500044332952598e-09
292,2.92,1.2500045443175622e-09
293,2.93,1.2500045443175622e-09
294,2.94,1.2500044332952598e-09
295,2.95,1.2500045443175622e-09
296,2.96,1.2500045443175622e-09
297,2.97,1.2500045443175622e-09
298,2.98,1.2500044332952598e-09
299,2.99,1.2500045443175622e-09
300,3.0,1.2500044332952598e-09
301,3.01,1.2500044332952598e-09
302,3.02,1.2500045443175622e-09
303,3.03,1.2500045443175622e-09
304,3.04,1.2500045443175622e-09
305,3.05,1.2500044332952598e-09
306,3.06,1.2500044332952598e-09
307,3.07,1.2500045443175622e-09
308,3.08,1.2500044332952598e-09
309,3.09,1.2500045443175622e-09
310,3.1,1.2500044332952598e-09
311,3.11,1.2500044332952598e-09
312,3.12,1.2500044332952598e-09
313,3.13,1.2500044332952598e-09
314,3.14,1.2500044332952598e-09
315,3.15,1.2500045443175622e-09
316,3.16,1.2500044332952598e-09
317,3.17,1.2500044332952598e-09
318,3.18,1.2500044332952598e-09
319,3.19,1.2500044332952598e-09
320,3.2,1.2500044332952598e-09
321,3.21,1.2500044332952598e-09
322,3.22,1.2500044332952598e-09
323,3.23,1.2500045443175622e-09
324,3.24,1.2500044332952598e-09
325,3.25,1.2500044332952598e-09
326,3.26,1.2500044332952598e-09
327,3.27,1.2500044332952598e-09
328,3.28,1.2500044332952598e-09
329,3.29,1.2500045443175622e-09
330,3.3,1.2500045443175622e-09
331,3.31,1.2500045443175622e-09
332,3.32,1.2500044332952598e-09
333,3.33,1.2500044332952598e-09
334,3.34,1.2500044332952598e-09
335,3.35,1.2500045443175622e-09
336,3.36,1.2500045443175622e-09
337,3.37,1.2500044332952598e-09
338,3.38,1.2500044332952598e-09
339,3.39,1.2500044332952598e-09
340,3.4,1.2500044332952598e-09
341,3.41,1.2500045443175622e-09
342,3.42,1.2500044332952598e-09
343,3.43,1.2500044332952598e-09
344,3.44,1.2500045443175622e-09
345,3.45,1.2500044332952598e-09
346,3.46,1.2500044332952598e-09
347,3.47,1.2500043222729573e-09
348,3.48,1.2500045443175622e-09
349,3.49,1.2500045443175622e-09
350,3.5,1.2500044332952598e-09
351,3.51,1.2500045443175622e-09
352,3.52,1.2500044332952598e-09
353,3.53,1.2500044332952598e-09
354,3.54,1.2500044332952598e-09
355,3.55,1.2500044332952598e-09
356,3.56,1.2500044332952598e-09
357,3.57,1.2500043222729573e-09
358,3.58,1.2500044332952598e-09
359,3.59,1.2500044332952598e-09
360,3.6,1.2500045443175622e-09
361,3.61,1.2500044332952598e-09
362,3.62,1.2500045443175622e-09
363,3.63,1.2500045443175622e-09
364,3.64,1.2500045443175622e-09
365,3.65,1.2500045443175622e-09
366,3.66,1.2500044332952598e-09
367,3.67,1.2500045443175622e-09
368,3.68,1.2500045443175622e-09
369,3.69,1.2500044332952598e-09
370,3.7,1.2500045443175622e-09
371,3.71,1.2500044332952598e-09
372,3.72,1.2500043222729573e-09
373,3.73,1.2500044332952598e-09
374,3.74,1.2500044332952598e-09
375,3.75,1.2500045443175622e-09
376,3.76,1.2500044332952598e-09
377,3.77,1.2500044332952598e-09
378,3.78,1.2500045443175622e-09
379,3.79,1.2500045443175622e-09
380,3.8,1.2500045443175622e-09
381,3.81,1.2500045443175622e-09
382,3.82,1.2500045443175622e-09
383,3.83,1.2500044332952598e-09
384,3.84,1.2500044332952598e-09
385,3.85,1.2500045443175622e-09
386,3.86,1.2500045443175622e-09
387,3.87,1.2500044332952598e-09
388,3.88,1.2500045443175622e-09
389,3.89,1.2500044332952598e-09
390,3.9,1.2500045443175622e-09
391,3.91,1.2500044332952598e-09
392,3.92,1.2500044332952598e-09
393,3.93,1.2500045443175622e-09
394,3.94,1.2500044332952598e-09
395,3.95,1.2500045443175622e-09
396,3.96,1.2500044332952598e-09
397,3.97,1.2500045443175622e-09
398,3.98,1.2500044332952598e-09
399,3.99,1.2500044332952598e-09
400,4.0,1.2500044332952598e-09
401,4.01,1.2500044332952598e-09
402,4.02,1.2500044332952598e-09
403,4.03,1.2500044332952598e-09
404,4.04,1.2500044332952598e-09
405,4.05,1.2500045443175622e-09
406,4.06,1.2500044332952598e-09
407,4.07,1.2500043222729573e-09
408,4.08,1.2500044332952598e-09
409,4.09,1.2500044332952598e-09
410,4.1,1.2500044332952598e-09
411,4.11,1.2500044332952598e-09
412,4.12,1.2500045443175622e-09
413,4.13,1.2500044332952598e-09
414,4.14,1.2500045443175622e-09
415,4.15,1.2500045443175622e-09
416,4.16,1.2500045443175622e-09
417,4.17,1.2500045443175622e-09
418,4.18,1.2500044332952598e-09
419,4.19,1.2500044332952598e-09
420,4.2,1.2500044332952598e-09
421,4.21,1.2500044332952598e-09
422,4.22,1.2500045443175622e-09
423,4.23,1.2500045443175622e-09
424,4.24,1.2500044332952598e-09
425,4.25,1.2500044332952598e-09
426,4.26,1.2500044332952598e-09
427,4.27,1.2500044332952598e-09
428,4.28,1.2500045443175622e-09
429,4.29,1.2500043222729573e-09
430,4.3,1.2500044332952598e-09
431,4.31,1.2500045443175622e-09
432,4.32,1.2500044332952598e-09
433,4.33,1.2500044332952598e-09
434,4.34,1.2500044332952598e-09
435,4.35,1.2500045443175622e-09
436,4.36,1.2500045443175622e-09
437,4.37,1.2500045443175622e-09
438,4.38,1.2500044332952598e-09
439,4.39,1.2500045443175622e-09
440,4.4,1.2500044332952598e-09
441,4.41,1.2500044332952598e-09
442,4.42,1.2500045443175622e-09
443,4.43,1.2500045443175622e-09
444,4.44,1.2500044332952598e-09
445,4.45,1.2500045443175622e-09
446,4.46,1.2500044332952598e-09
447,4.47,1.2500044332952598e-09
448,4.48,1.2500045443175622e-09
449,4.49,1.2500045443175622e-09
450,4.5,1.2500045443175622e-09
451,4.51,1.2500044332952598e-09
452,4.52,1.2500045443175622e-09
453,4.53,1.2500045443175622e-09
454,4.54,1.2500044332952598e-09
455,4.55,1.2500044332952598e-09
456,4.56,1.2500044332952598e-09
457,4.57,1.2500044332952598e-09
458,4.58,1.2500044332952598e-09
459,4.59,1.2500045443175622e-09
460,4.6,1.2500045443175622e-09
461,4.61,1.2500044332952598e-09
462,4.62,1.2500045443175622e-09
463,4.63,1.2500044332952598e-09
464,4.64,1.2500044332952598e-09
465,4.65,1.2500045443175622e-09
466,4.66,1.2500044332952598e-09
467,4.67,1.2500045443175622e-09
468,4.68,1.2500044332952598e-09
469,4.69,1.2500044332952598e-09
470,4.7,1.2500044332952598e-09
471,4.71,1.2500044332952598e-09
472,4.72,1.2500045443175622e-09
473,4.73,1.2500044332952598e-09
474,4.74,1.2500044332952598e-09
475,4.75,1.2500044332952598e-09
476,4.76,1.2500044332952598e-09
477,4.77,1.2500044332952598e-09
478,4.78,1.2500044332952598e-09
479,4.79,1.2500044332952598e-09
480,4.8,1.2500044332952598e-09
481,4.81,1.2500044332952598e-09
482,4.82,1.2500044332952598e-09
483,4.83,1.2500045443175622e-09
484,4.84,1.2500045443175622e-09
485,4.85,1.2500045443175622e-09
486,4.86,1.2500045443175622e-09
487,4.87,1.2500044332952598e-09
488,4.88,1.2500045443175622e-09
489,4.89,1.2500044332952598e-09
490,4.9,1.2500044332952598e-09
491,4.91,1.2500044332952598e-09
492,4.92,1.2500045443175622e-09
493,4.93,1.2500044332952598e-09
494,4.94,1.2500045443175622e-09
495,4.95,1.2500045443175622e-09
496,4.96,1.2500045443175622e-09
497,4.97,1.2500045443175622e-09
498,4.98,1.2500044332952598e-09
499,4.99,1.2500045443175622e-09
500,5.0,1.2500044332952598e-09
501,5.01,1.2500044332952598e-09
502,5.02,1.2500044332952598e-09
503,5.03,1.2500045443175622e-09
504,5.04,1.2500044332952598e-09
505,5.05,1.2500044332952598e-09
506,5.06,1.2500045443175622e-09
507,5.07,1.2500044332952598e-09
508,5.08,1.2500044332952598e-09
509,5.09,1.2500044332952598e-09
510,5.1,1.2500044332952598e-09
511,5.11,1.2500045443175622e-09
512,5.12,1.2500045443175622e-09
513,5.13,1.2500045443175622e-09
514,5.14,1.2500045443175622e-09
515,5.15,1.2500045443175622e-09
516,5.16,1.2500044332952598e-09
517,5.17,1.2500045443175622e-09
518,5.18,1.2500044332952598e-09
519,5.19,1.2500044332952598e-09
520,5.2,1.2500044332952598e-09
521,5.21,1.2500044332952598e-09
522,5.22,1.2500044332952598e-09
523,5.23,1.2500045443175622e-09
524,5.24,1.2500044332952598e-09
525,5.25,1.2500044332952598e-09
526,5.26,1.2500045443175622e-09
527,5.27,1.2500044332952598e-09
528,5.28,1.2500044332952598e-09
529,5.29,1.2500044332952598e-09
530,5.3,1.2500044332952598e-09
531,5.31,1.2500044332952598e-09
532,5.32,1.2500044332952598e-09
533,5.33,1.2500045443175622e-09
534,5.34,1.2500044332952598e-09
535,5.35,1.2500044332952598e-09
536,5.36,1.2500044332952598e-09
537,5.37,1.2500045443175622e-09
538,5.38,1.2500045443175622e-09
539,5.39,1.2500044332952598e-09
540,5.4,1.2500045443175622e-09
541,5.41,1.2500045443175622e-09
542,5.42,1.2500044332952598e-09
543,5.43,1.2500044332952598e-09
544,5.44,1.2500044332952598e-09
545,5.45,1.2500044332952598e-09
546,5.46,1.2500045443175622e-09
547,5.47,1.2500044332952598e-09
548,5.48,1.2500044332952598e-09
549,5.49,1.2500045443175622e-09
550,5.5,1.2500044332952598e-09
551,5.51,1.2500044332952598e-09
552,5.52,1.2500044332952598e-09
553,5.53,1.2500044332952598e-09
554,5.54,1.2500044332952598e-09
555,5.55,1.2500045443175622e-09
556,5.56,1.2500045443175622e-09
557,5.57,1.2500044332952598e-09
558,5.58,1.2500045443175622e-09
559,5.59,1.2500044332952598e-09
560,5.6,1.2500045443175622e-09
561,5.61,1.2500044332952598e-09
562,5.62,1.2500045443175622e-09
563,5.63,1.2500045443175622e-09
564,5.64,1.2500044332952598e-09
565,5.65,1.2500045443175622e-09
566,5.66,1.2500044332952598e-09
567,5.67,1.2500045443175622e-09
568,5.68,1.2500045443175622e-09
569,5.69,1.2500044332952598e-09
570,5.7,1.2500044332952598e-09
571,5.71,1.2500044332952598e-09
572,5.72,1.2500044332952598e-09
573,5.73,1.2500045443175622e-09
574,5.74,1.2500043222729573e-09
575,5.75,1.2500045443175622e-09
576,5.76,1.2500044332952598e-09
577,5.77,1.2500044332952598e-09
578,5.78,1.2500045443175622e-09
579,5.79,1.2500044332952598e-09
580,5.8,1.2500045443175622e-09
581,5.81,1.2500044332952598e-09
582,5.82,1.2500045443175622e-09
583,5.83,1.2500044332952598e-09
584,5.84,1.2500045443175622e-09
585,5.85,1.2500045443175622e-09
586,5.86,1.2500044332952598e-09
587,5.87,1.2500044332952598e-09
588,5.88,1.2500044332952598e-09
589,5.89,1.2500045443175622e-09
590,5.9,1.2500045443175622e-09
591,5.91,1.2500044332952598e-09
592,5.92,1.2500045443175622e-09
593,5.93,1.2500044332952598e-09
594,5.94,1.2500045443175622e-09
595,5.95,1.2500045443175622e-09
596,5.96,1.2500045443175622e-09
597,5.97,1.2500045443175622e-09
598,5.98,1.2500044332952598e-09
599,5.99,1.2500045443175622e-09
600,6.0,1.2500044332952598e-09
601,6.01,1.2500045443175622e-09
602,6.02,1.2500044332952598e-09
603,6.03,1.2500044332952598e-09
604,6.04,1.2500044332952598e-09
605,6.05,1.2500045443175622e-09
606,6.06,1.2500045443175622e-09
607,6.07,1.2500045443175622e-09
608,6.08,1.2500044332952598e-09
609,6.09,1.2500044332952598e-09
610,6.1,1.2500045443175622e-09
611,6.11,1.2500045443175622e-09
612,6.12,1.2500044332952598e-09
613,6.13,1.2500045443175622e-09
614,6.14,1.2500044332952598e-09
615,6.15,1.2500044332952598e-09
616,6.16,1.2500045443175622e-09
617,6.17,1.2500045443175622e-09
618,6.18,1.2500045443175622e-09
619,6.19,1.2500044332952598e-09
620,6.2,1.2500044332952598e-09
621,6.21,1.2500045443175622e-09
622,6.22,1.2500045443175622e-09
623,6.23,1.2500045443175622e-09
624,6.24,1.2500044332952598e-09
625,6.25,1.2500045443175622e-09
626,6.26,1.2500044332952598e-09
627,6.27,1.2500045443175622e-09
628,6.28,1.2500045443175622e-09
629,6.29,1.2500045443175622e-09
630,6.3,1.2500044332952598e-09
631,6.31,1.2500045443175622e-09
632,6.32,1.2500044332952598e-09
633,6.33,1.2500045443175622e-09
634,6.34,1.2500044332952598e-09
635,6.35,1.2500044332952598e-09
636,6.36,1.2500045443175622e-09
637,6.37,1.2500044332952598e-09
638,6.38,1.2500044332952598e-09
639,6.39,1.2500044332952598e-09
640,6.4,1.2500045443175622e-09
641,6.41,1.2500044332952598e-09
642,6.42,1.2500045443175622e-09
643,6.43,1.2500044332952598e-09
644,6.44,1.2500044332952598e-09
645,6.45,1.2500044332952598e-09
646,6.46,1.2500045443175622e-09
647,6.47,1.2500044332952598e-09
648,6.48,1.2500045443175622e-09
649,6.49,1.2500045443175622e-09
650,6.5,1.2500045443175622e-09
651,6.51,1.2500044332952598e-09
652,6.52,1.2500045443175622e-09
653,6.53,1.2500045443175622e-09
654,6.54,1.2500045443175622e-09
655,6.55,1.2500045443175622e-09
656,6.56,1.2500044332952598e-09
657,6.57,1.2500044332952598e-09
658,6.58,1.2500045443175622e-09
659,6.59,1.2500045443175622e-09
660,6.6,1.2500044332952598e-09
661,6.61,1.2500045443175622e-09
662,6.62,1.2500044332952598e-09
663,6.63,1.2500045443175622e-09
664,6.64,1.2500044332952598e-09
665,6.65,1.2500045443175622e-09
666,6.66,1.2500045443175622e-09
667,6.67,1.2500045443175622e-09
668,6.68,1.2500045443175622e-09
669,6.69,1.2500044332952598e-09
670,6.7,1.2500045443175622e-09
671,6.71,1.2500045443175622e-09
672,6.72,1.2500045443175622e-09
673,6.73,1.2500044332952598e-09
674,6.74,1.2500044332952598e-09
675,6.75,1.2500045443175622e-09
676,6.76,1.2500045443175622e-09
677,6.77,1.2500044332952598e-09
678,6.78,1.2500044332952598e-09
679,6.79,1.2500044332952598e-09
680,6.8,1.2500045443175622e-09
681,6.81,1.2500044332952598e-09
682,6.82,1.2500045443175622e-09
683,6.83,1.2500045443175622e-09
684,6.84,1.2500044332952598e-09
685,6.85,1.2500045443175622e-09
686,6.86,1.2500044332952598e-09
687,6.87,1.2500045443175622e-09
688,6.88,1.2500045443175622e-09
689,6.89,1.2500044332952598e-09
690,6.9,1.2500045443175622e-09
691,6.91,1.2500045443175622e-09
692,6.92,1.2500044332952598e-09
693,6.93,1.2500044332952598e-09
694,6.94,1.2500045443175622e-09
695,6.95,1.2500045443175622e-09
696,6.96,1.2500045443175622e-09
697,6.97,1.2500045443175622e-09
698,6.98,1.2500044332952598e-09
699,6.99,1.2500045443175622e-09
700,7.0,1.2500045443175622e-09
701,7.01,1.2500044332952598e-09
702,7.02,1.2500045443175622e-09
703,7.03,1.2500044332952598e-09
704,7.04,1.2500044332952598e-09
705,7.05,1.2500045443175622e-09
706,7.06,1.2500045443175622e-09
707,7.07,1.2500044332952598e-09
708,7.08,1.2500045443175622e-09
709,7.09,1.2500045443175622e-09
710,7.1,1.2500045443175622e-09
711,7.11,1.2500044332952598e-09
712,7.12,1.2500045443175622e-09
713,7.13,1.2500044332952598e-09
714,7.14,1.2500044332952598e-09
715,7.15,1.2500045443175622e-09
716,7.16,1.2500045443175622e-09
717,7.17,1.2500045443175622e-09
718,7.18,1.2500045443175622e-09
719,7.19,1.2500045443175622e-09
720,7.2,1.2500045443175622e-09
721,7.21,1.2500045443175622e-09
722,7.22,1.2500045443175622e-09
723,7.23,1.2500044332952598e-09
724,7.24,1.2500045443175622e-09
725,7.25,1.2500045443175622e-09
726,7.26,1.2500045443175622e-09
727,7.27,1.2500045443175622e-09
728,7.28,1.2500045443175622e-09
729,7.29,1.2500045443175622e-09
730,7.3,1.2500045443175622e-09
731,7.31,1.2500045443175622e-09
732,7.32,1.2500045443175622e-09
733,7.33,1.2500045443175622e-09
734,7.34,1.2500044332952598e-09
735,7.35,1.2500045443175622e-09
736,7.36,1.2500044332952598e-09
737,7.37,1.2500045443175622e-09
738,7.38,1.2500045443175622e-09
739,7.39,1.2500045443175622e-09
740,7.4,1.2500045443175622e-09
741,7.41,1.2500044332952598e-09
742,7.42,1.2500045443175622e-09
743,7.43,1.2500044332952598e-09
744,7.44,1.2500044332952598e-09
745,7.45,1.2500045443175622e-09
746,7.46,1.2500044332952598e-09
747,7.47,1.2500045443175622e-09
748,7.48,1.2500045443175622e-09
749,7.49,1.2500045443175622e-09
750,7.5,1.2500044332952598e-09
751,7.51,1.2500045443175622e-09
752,7.52,1.2500044332952598e-09
753,7.53,1.2500044332952598e-09
754,7.54,1.2500045443175622e-09
755,7.55,1.2500045443175622e-09
756,7.56,1.2500044332952598e-09
757,7.57,1.2500044332952598e-09
758,7.58,1.2500044332952598e-09
759,7.59,1.2500045443175622e-09
760,7.6,1.2500045443175622e-09
761,7.61,1.2500044332952598e-09
762,7.62,1.2500045443175622e-09
763,7.63,1.2500044332952598e-09
764,7.64,1.2500044332952598e-09
765,7.65,1.2500045443175622e-09
766,7.66,1.2500044332952598e-09
767,7.67,1.2500045443175622e-09
768,7.68,1.2500044332952598e-09
769,7.69,1.2500044332952598e-09
770,7.7,1.2500045443175622e-09
771,7.71,1.2500045443175622e-09
772,7.72,1.2500045443175622e-09
773,7.73,1.2500044332952598e-09
774,7.74,1.2500045443175622e-09
775,7.75,1.2500044332952598e-09
776,7.76,1.2500044332952598e-09
777,7.77,1.2500045443175622e-09
778,7.78,1.2500045443175622e-09
779,7.79,1.2500045443175622e-09
780,7.8,1.2500045443175622e-09
781,7.81,1.2500044332952598e-09
782,7.82,1.2500045443175622e-09
783,7.83,1.2500045443175622e-09
784,7.84,1.2500045443175622e-09
785,7.85,1.2500045443175622e-09
786,7.86,1.2500045443175622e-09
787,7.87,1.2500044332952598e-09
788,7.88,1.2500045443175622e-09
789,7.89,1.2500044332952598e-09
790,7.9,1.2500044332952598e-09
791,7.91,1.2500045443175622e-09
792,7.92,1.2500044332952598e-09
793,7.93,1.2500044332952598e-09
794,7.94,1.2500044332952598e-09
795,7.95,1.2500045443175622e-09
796,7.96,1.2500045443175622e-09
797,7.97,1.2500044332952598e-09
798,7.98,1.2500044332952598e-09
799,7.99,1.2500045443175622e-09
800,8.0,1.2500045443175622e-09
801,8.01,1.2500044332952598e-09
802,8.02,1.2500045443175622e-09
803,8.03,1.2500044332952598e-09
804,8.04,1.2500044332952598e-09
805,8.05,1.2500044332952598e-09
806,8.06,1.2500045443175622e-09
807,8.07,1.2500044332952598e-09
808,8.08,1.2500045443175622e-09
809,8.09,1.2500045443175622e-09
810,8.1,1.2500045443175622e-09
811,8.11,1.2500045443175622e-09
812,8.12,1.2500045443175622e-09
813,8.13,1.2500044332952598e-09
814,8.14,1.2500044332952598e-09
815,8.15,1.2500045443175622e-09
816,8.16,1.2500044332952598e-09
817,8.17,1.2500044332952598e-09
818,8.18,1.2500045443175622e-09
819,8.19,1.2500045443175622e-09
820,8.2,1.2500044332952598e-09
821,8.21,1.2500045443175622e-09
822,8.22,1.2500045443175622e-09
823,8.23,1.2500045443175622e-09
824,8.24,1.2500045443175622e-09
825,8.25,1.2500045443175622e-09
826,8.26,1.2500045443175622e-09
827,8.27,1.2500045443175622e-09
828,8.28,1.2500044332952598e-09
829,8.29,1.2500044332952598e-09
830,8.3,1.2500045443175622e-09
831,8.31,1.2500045443175622e-09
832,8.32,1.2500045443175622e-09
833,8.33,1.2500045443175622e-09
834,8.34,1.2500044332952598e-09
835,8.35,1.2500045443175622e-09
836,8.36,1.2500045443175622e-09
837,8.37,1.2500045443175622e-09
838,8.38,1.2500044332952598e-09
839,8.39,1.2500044332952598e-09
840,8.4,1.2500044332952598e-09
841,8.41,1.2500044332952598e-09
842,8.42,1.2500045443175622e-09
843,8.43,1.2500045443175622e-09
844,8.44,1.2500045443175622e-09
845,8.45,1.2500044332952598e-09
846,8.46,1.2500045443175622e-09
847,8.47,1.2500045443175622e-09
848,8.48,1.2500045443175622e-09
849,8.49,1.2500045443175622e-09
850,8.5,1.2500044332952598e-09
851,8.51,1.2500044332952598e-09
852,8.52,1.2500045443175622e-09
853,8.53,1.2500045443175622e-09
854,8.54,1.2500045443175622e-09
855,8.55,1.2500045443175622e-09
856,8.56,1.2500045443175622e-09
857,8.57,1.2500044332952598e-09
858,8.58,1.2500045443175622e-09
859,8.59,1.2500044332952598e-09
860,8.6,1.2500045443175622e-09
861,8.61,1.2500044332952598e-09
862,8.62,1.2500045443175622e-09
863,8.63,1.2500045443175622e-09
864,8.64,1.2500045443175622e-09
865,8.65,1.2500045443175622e-09
866,8.66,1.2500045443175622e-09
867,8.67,1.2500045443175622e-09
868,8.68,1.2500044332952598e-09
869,8.69,1.2500045443175622e-09
870,8.7,1.2500045443175622e-09
871,8.71,1.2500045443175622e-09
872,8.72,1.2500045443175622e-09
873,8.73,1.2500045443175622e-09
874,8.74,1.2500045443175622e-09
875,8.75,1.2500044332952598e-09
876,8.76,1.2500045443175622e-09
877,8.77,1.2500045443175622e-09
878,8.78,1.2500045443175622e-09
879,8.79,1.2500044332952598e-09
880,8.8,1.2500044332952598e-09
881,8.81,1.2500044332952598e-09
882,8.82,1.2500044332952598e-09
883,8.83,1.2500045443175622e-09
884,8.84,1.2500045443175622e-09
885,8.85,1.2500045443175622e-09
886,8.86,1.2500044332952598e-09
887,8.87,1.2500045443175622e-09
888,8.88,1.2500045443175622e-09
889,8.89,1.2500044332952598e-09
890,8.9,1.2500045443175622e-09
891,8.91,1.2500044332952598e-09
892,8.92,1.2500045443175622e-09
893,8.93,1.2500045443175622e-09
894,8.94,1.2500045443175622e-09
895,8.95,1.2500045443175622e-09
896,8.96,1.2500045443175622e-09
897,8.97,1.2500044332952598e-09
898,8.98,1.2500044332952598e-09
899,8.99,1.2500045443175622e-09
900,9.0,1.2500045443175622e-09
901,9.01,1.2500045443175622e-09
902,9.02,1.2500045443175622e-09
903,9.03,1.2500044332952598e-09
904,9.04,1.2500045443175622e-09
905,9.05,1.2500045443175622e-09
906,9.06,1.2500045443175622e-09
907,9.07,1.2500045443175622e-09
908,9.08,1.2500045443175622e-09
909,9.09,1.2500045443175622e-09
910,9.1,1.2500045443175622e-09
911,9.11,1.2500045443175622e-09
912,9.12,1.2500044332952598e-09
913,9.13,1.2500045443175622e-09
914,9.14,1.2500045443175622e-09
915,9.15,1.2500044332952598e-09
916,9.16,1.2500045443175622e-09
917,9.17,1.2500045443175622e-09
918,9.18,1.2500045443175622e-09
919,9.19,1.2500045443175622e-09
920,9.2,1.2500045443175622e-09
921,9.21,1.2500045443175622e-09
922,9.22,1.2500045443175622e-09
923,9.23,1.2500045443175622e-09
924,9.24,1.2500045443175622e-09
925,9.25,1.2500044332952598e-09
926,9.26,1.2500044332952598e-09
927,9.27,1.2500044332952598e-09
928,9.28,1.2500045443175622e-09
929,9.29,1.2500045443175622e-09
930,9.3,1.2500045443175622e-09
931,9.31,1.2500044332952598e-09
932,9.32,1.2500044332952598e-09
933,9.33,1.2500045443175622e-09
934,9.34,1.2500045443175622e-09
935,9.35,1.2500044332952598e-09
936,9.36,1.2500044332952598e-09
937,9.37,1.2500045443175622e-09
938,9.38,1.2500045443175622e-09
939,9.39,1.2500044332952598e-09
940,9.4,1.2500045443175622e-09
941,9.41,1.2500045443175622e-09
942,9.42,1.2500044332952598e-09
943,9.43,1.2500045443175622e-09
944,9.44,1.2500045443175622e-09
945,9.45,1.2500045443175622e-09
946,9.46,1.2500044332952598e-09
947,9.47,1.2500045443175622e-09
948,9.48,1.2500045443175622e-09
949,9.49,1.2500045443175622e-09
950,9.5,1.2500044332952598e-09
951,9.51,1.2500045443175622e-09
952,9.52,1.2500045443175622e-09
953,9.53,1.2500045443175622e-09
954,9.54,1.2500045443175622e-09
955,9.55,1.2500044332952598e-09
956,9.56,1.2500045443175622e-09
957,9.57,1.2500045443175622e-09
958,9.58,1.2500045443175622e-09
959,9.59,1.2500044332952598e-09
960,9.6,1.2500045443175622e-09
961,9.61,1.2500044332952598e-09
962,9.62,1.2500045443175622e-09
963,9.63,1.2500045443175622e-09
964,9.64,1.2500045443175622e-09
965,9.65,1.2500045443175622e-09
966,9.66,1.2500045443175622e-09
967,9.67,1.2500045443175622e-09
968,9.68,1.2500044332952598e-09
969,9.69,1.2500045443175622e-09
970,9.7,1.2500045443175622e-09
971,9.71,1.2500045443175622e-09
972,9.72,1.2500045443175622e-09
973,9.73,1.2500045443175622e-09
974,9.74,1.2500045443175622e-09
975,9.75,1.2500044332952598e-09
976,9.76,1.2500044332952598e-09
977,9.77,1.2500045443175622e-09
978,9.78,1.2500045443175622e-09
979,9.79,1.2500045443175622e-09
980,9.8,1.2500045443175622e-09
981,9.81,1.2500044332952598e-09
982,9.82,1.2500045443175622e-09
983,9.83,1.2500045443175622e-09
984,9.84,1.2500045443175622e-09
985,9.85,1.2500044332952598e-09
986,9.86,1.2500045443175622e-09
987,9.87,1.2500045443175622e-09
988,9.88,1.2500045443175622e-09
989,9.89,1.2500044332952598e-09
990,9.9,1.2500044332952598e-09
991,9.91,1.2500045443175622e-09
992,9.92,1.2500045443175622e-09
993,9.93,1.2500045443175622e-09
994,9.94,1.2500044332952598e-09
995,9.95,1.2500045443175622e-09
996,9.96,1.2500045443175622e-09
997,9.97,1.2500045443175622e-09
998,9.98,1.2500045443175622e-09
999,9.99,1.2500045443175622e-09
1000,10.0,1.2500045443175622e-09
1001,10.01,1.2500045443175622e-09
1002,10.02,1.2500045443175622e-09
1003,10.03,1.2500045443175622e-09
1004,10.04,1.2500045443175622e-09
1005,10.05,1.2500045443175622e-09
1006,10.06,1.2500045443175622e-09
1007,10.07,1.2500044332952598e-09
1008,10.08,1.2500044332952598e-09
1009,10.09,1.2500045443175622e-09
1010,10.1,1.2500045443175622e-09
1011,10.11,1.2500045443175622e-09
1012,10.12,1.2500045443175622e-09
1013,10.13,1.2500045443175622e-09
1014,10.14,1.2500044332952598e-09
1015,10.15,1.2500045443175622e-09
1016,10.16,1.2500045443175622e-09
1017,10.17,1.2500045443175622e-09
1018,10.18,1.2500045443175622e-09
1019,10.19,1.2500045443175622e-09
1020,10.2,1.2500044332952598e-09
1021,10.21,1.2500045443175622e-09
1022,10.22,1.2500045443175622e-09
1023,10.23,1.2500045443175622e-09
1024,10.24,1.2500044332952598e-09
1025,10.25,1.2500045443175622e-09
1026,10.26,1.2500045443175622e-09
1027,10.27,1.2500045443175622e-09
1028,10.28,1.2500044332952598e-09
1029,10.29,1.2500045443175622e-09
1030,10.3,1.2500045443175622e-09
1031,10.31,1.2500045443175622e-09
1032,10.32,1.2500045443175622e-09
1033,10.33,1.2500045443175622e-09
1034,10.34,1.2500045443175622e-09
1035,10.35,1.2500045443175622e-09
1036,10.36,1.2500045443175622e-09
1037,10.37,1.2500044332952598e-09
1038,10.38,1.2500045443175622e-09
1039,10.39,1.2500045443175622e-09
1040,10.4,1.2500045443175622e-09
1041,10.41,1.2500045443175622e-09
1042,10.42,1.2500045443175622e-09
1043,10.43,1.2500045443175622e-09
1044,10.44,1.2500045443175622e-09
1045,10.45,1.2500045443175622e-09
1046,10.46,1.2500044332952598e-09
1047,10.47,1.2500045443175622e-09
1048,10.48,1.2500045443175622e-09
1049,10.49,1.2500045443175622e-09
1050,10.5,1.2500044332952598e-09
1051,10.51,1.2500045443175622e-09
1052,10.52,1.2500045443175622e-09
1053,10.53,1.2500045443175622e-09
1054,10.54,1.2500045443175622e-09
1055,10.55,1.2500045443175622e-09
1056,10.56,1.2500045443175622e-09
1057,10.57,1.2500045443175622e-09
1058,10.58,1.2500045443175622e-09
1059,10.59,1.2500045443175622e-09
1060,10.6,1.2500045443175622e-09
1061,10.61,1.2500045443175622e-09
1062,10.62,1.2500045443175622e-09
1063,10.63,1.2500045443175622e-09
1064,10.64,1.2500044332952598e-09
1065,10.65,1.2500045443175622e-09
1066,10.66,1.2500045443175622e-09
1067,10.67,1.2500044332952598e-09
1068,10.68,1.2500044332952598e-09
1069,10.69,1.2500045443175622e-09
1070,10.7,1.2500045443175622e-09
1071,10.71,1.2500045443175622e-09
1072,10.72,1.2500045443175622e-09
1073,10.73,1.2500045443175622e-09
1074,10.74,1.2500045443175622e-09
1075,10.75,1.2500044332952598e-09
1076,10.76,1.2500044332952598e-09
1077,10.77,1.2500045443175622e-09
1078,10.78,1.2500045443175622e-09
1079,10.79,1.2500045443175622e-09
1080,10.8,1.2500045443175622e-09
1081,10.81,1.2500045443175622e-09
1082,10.82,1.2500045443175622e-09
1083,10.83,1.2500045443175622e-09
1084,10.84,1.2500045443175622e-09
1085,10.85,1.2500044332952598e-09
1086,10.86,1.2500045443175622e-09
1087,10.87,1.2500044332952598e-09
1088,10.88,1.2500044332952598e-09
1089,10.89,1.2500045443175622e-09
1090,10.9,1.2500045443175622e-09
1091,10.91,1.2500044332952598e-09
1092,10.92,1.2500044332952598e-09
1093,10.93,1.2500044332952598e-09
1094,10.94,1.2500045443175622e-09
1095,10.95,1.2500045443175622e-09
1096,10.96,1.2500045443175622e-09
1097,10.97,1.2500044332952598e-09
1098,10.98,1.2500045443175622e-09
1099,10.99,1.2500045443175622e-09
1100,11.0,1.2500044332952598e-09
1101,11.01,1.2500044332952598e-09
1102,11.02,1.2500045443175622e-09
1103,11.03,1.2500045443175622e-09
1104,11.04,1.2500045443175622e-09
1105,11.05,1.2500045443175622e-09
1106,11.06,1.2500045443175622e-09
1107,11.07,1.2500045443175622e-09
1108,11.08,1.2500045443175622e-09
1109,11.09,1.2500044332952598e-09
1110,11.1,1.2500045443175622e-09
1111,11.11,1.2500045443175622e-09
1112,11.12,1.2500045443175622e-09
1113,11.13,1.2500045443175622e-09
1114,11.14,1.2500045443175622e-09
1115,11.15,1.2500045443175622e-09
1116,11.16,1.2500045443175622e-09
1117,11.17,1.2500045443175622e-09
1118,11.18,1.2500044332952598e-09
1119,11.19,1.2500045443175622e-09
1120,11.2,1.2500045443175622e-09
1121,11.21,1.2500044332952598e-09
1122,11.22,1.2500045443175622e-09
1123,11.23,1.2500045443175622e-09
1124,11.24,1.2500045443175622e-09
1125,11.25,1.2500044332952598e-09
1126,11.26,1.2500045443175622e-09
1127,11.27,1.2500045443175622e-09
1128,11.28,1.2500045443175622e-09
1129,11.29,1.2500045443175622e-09
1130,11.3,1.2500045443175622e-09
1131,11.31,1.2500045443175622e-09
1132,11.32,1.2500045443175622e-09
1133,11.33,1.2500045443175622e-09
1134,11.34,1.2500045443175622e-09
1135,11.35,1.2500045443175622e-09
1136,11.36,1.2500045443175622e-09
1137,11.37,1.2500044332952598e-09
1138,11.38,1.2500045443175622e-09
1139,11.39,1.2500045443175622e-09
1140,11.4,1.2500045443175622e-09
1141,11.41,1.2500045443175622e-09
1142,11.42,1.2500045443175622e-09
1143,11.43,1.2500045443175622e-09
1144,11.44,1.2500045443175622e-09
1145,11.45,1.2500045443175622e-09
1146,11.46,1.2500045443175622e-09
1147,11.47,1.2500045443175622e-09
1148,11.48,1.2500045443175622e-09
1149,11.49,1.2500045443175622e-09
1150,11.5,1.2500045443175622e-09
1151,11.51,1.2500045443175622e-09
1152,11.52,1.2500045443175622e-09
1153,11.53,1.2500045443175622e-09
1154,11.54,1.2500045443175622e-09
1155,11.55,1.2500045443175622e-09
1156,11.56,1.2500045443175622e-09
1157,11.57,1.2500045443175622e-09
1158,11.58,1.2500045443175622e-09
1159,11.59,1.2500045443175622e-09
1160,11.6,1.2500045443175622e-09
1161,11.61,1.2500045443175622e-09
1162,11.62,1.2500045443175622e-09
1163,11.63,1.2500045443175622e-09
1164,11.64,1.2500045443175622e-09
1165,11.65,1.2500045443175622e-09
1166,11.66,1.2500044332952598e-09
1167,11.67,1.2500045443175622e-09
1168,11.68,1.2500045443175622e-09
1169,11.69,1.2500045443175622e-09
1170,11.7,1.2500045443175622e-09
1171,11.71,1.2500045443175622e-09
1172,11.72,1.2500045443175622e-09
1173,11.73,1.2500044332952598e-09
1174,11.74,1.2500045443175622e-09
1175,11.75,1.2500045443175622e-09
1176,11.76,1.2500045443175622e-09
1177,11.77,1.2500045443175622e-09
1178,11.78,1.2500045443175622e-09
1179,11.79,1.2500045443175622e-09
1180,11.8,1.2500045443175622e-09
1181,11.81,1.2500045443175622e-09
1182,11.82,1.2500045443175622e-09
1183,11.83,1.2500045443175622e-09
1184,11.84,1.2500045443175622e-09
1185,11.85,1.2500045443175622e-09
1186,11.86,1.2500045443175622e-09
1187,11.87,1.2500045443175622e-09
1188,11.88,1.2500045443175622e-09
1189,11.89,1.2500045443175622e-09
1190,11.9,1.2500045443175622e-09
1191,11.91,1.2500045443175622e-09
1192,11.92,1.2500045443175622e-09
1193,11.93,1.2500045443175622e-09
1194,11.94,1.2500044332952598e-09
1195,11.95,1.2500045443175622e-09
1196,11.96,1.2500045443175622e-09
1197,11.97,1.2500045443175622e-09
1198,11.98,1.2500045443175622e-09
1199,11.99,1.2500044332952598e-09
1200,12.0,1.2500045443175622e-09
1201,12.01,1.2500044332952598e-09
1202,12.02,1.2500045443175622e-09
1203,12.03,1.2500045443175622e-09
1204,12.04,1.2500045443175622e-09
1205,12.05,1.2500045443175622e-09
1206,12.06,1.2500045443175622e-09
1207,12.07,1.2500045443175622e-09
1208,12.08,1.2500045443175622e-09
1209,12.09,1.2500044332952598e-09
1210,12.1,1.2500045443175622e-09
1211,12.11,1.2500045443175622e-09
1212,12.12,1.2500045443175622e-09
1213,12.13,1.2500045443175622e-09
1214,12.14,1.2500044332952598e-09
1215,12.15,1.2500045443175622e-09
1216,12.16,1.2500045443175622e-09
1217,12.17,1.2500045443175622e-09
1218,12.18,1.2500044332952598e-09
1219,12.19,1.2500045443175622e-09
1220,12.2,1.2500045443175622e-09
1221,12.21,1.2500045443175622e-09
1222,12.22,1.2500045443175622e-09
1223,12.23,1.2500045443175622e-09
1224,12.24,1.2500044332952598e-09
1225,12.25,1.2500045443175622e-09
1226,12.26,1.2500045443175622e-09
1227,12.27,1.2500045443175622e-09
1228,12.28,1.2500045443175622e-09
1229,12.29,1.2500045443175622e-09
1230,12.3,1.2500044332952598e-09
1231,12.31,1.2500044332952598e-09
1232,12.32,1.2500045443175622e-09
1233,12.33,1.2500045443175622e-09
1234,12.34,1.2500045443175622e-09
1235,12.35,1.2500045443175622e-09
1236,12.36,1.2500045443175622e-09
1237,12.37,1.2500045443175622e-09
1238,12.38,1.2500045443175622e-09
1239,12.39,1.2500045443175622e-09
1240,12.4,1.2500045443175622e-09
1241,12.41,1.2500045443175622e-09
1242,12.42,1.2500045443175622e-09
1243,12.43,1.2500045443175622e-09
1244,12.44,1.2500045443175622e-09
1245,12.45,1.2500045443175622e-09
1246,12.46,1.2500045443175622e-09
1247,12.47,1.2500044332952598e-09
1248,12.48,1.2500045443175622e-09
1249,12.49,1.2500045443175622e-09
1250,12.5,1.2500045443175622e-09
1251,12.51,1.2500045443175622e-09
1252,12.52,1.2500045443175622e-09
1253,12.53,1.2500045443175622e-09
1254,12.54,1.2500045443175622e-09
1255,12.55,1.2500045443175622e-09
1256,12.56,1.2500045443175622e-09
1257,12.57,1.2500045443175622e-09
1258,12.58,1.2500045443175622e-09
1259,12.59,1.2500044332952598e-09
1260,12.6,1.2500045443175622e-09
1261,12.61,1.2500045443175622e-09
1262,12.62,1.2500045443175622e-09
1263,12.63,1.2500045443175622e-09
1264,12.64,1.2500044332952598e-09
1265,12.65,1.2500045443175622e-09
1266,12.66,1.2500045443175622e-09
1267,12.67,1.2500045443175622e-09
1268,12.68,1.2500044332952598e-09
1269,12.69,1.2500044332952598e-09
1270,12.7,1.2500045443175622e-09
1271,12.71,1.2500044332952598e-09
1272,12.72,1.2500045443175622e-09
1273,12.73,1.2500045443175622e-09
1274,12.74,1.2500045443175622e-09
1275,12.75,1.2500045443175622e-09
1276,12.76,1.2500044332952598e-09
1277,12.77,1.2500045443175622e-09
1278,12.78,1.2500045443175622e-09
1279,12.79,1.2500045443175622e-09
1280,12.8,1.2500045443175622e-09
1281,12.81,1.2500045443175622e-09
1282,12.82,1.2500045443175622e-09
1283,12.83,1.2500045443175622e-09
1284,12.84,1.2500045443175622e-09
1285,12.85,1.2500044332952598e-09
1286,12.86,1.2500045443175622e-09
1287,12.87,1.2500045443175622e-09
1288,12.88,1.2500044332952598e-09
1289,12.89,1.2500045443175622e-09
1290,12.9,1.2500045443175622e-09
1291,12.91,1.2500045443175622e-09
1292,12.92,1.2500044332952598e-09
1293,12.93,1.2500045443175622e-09
1294,12.94,1.2500045443175622e-09
1295,12.95,1.2500045443175622e-09
1296,12.96,1.2500045443175622e-09
1297,12.97,1.2500044332952598e-09
1298,12.98,1.2500045443175622e-09
1299,12.99,1.2500044332952598e-09
1300,13.0,1.2500044332952598e-09
1301,13.01,1.2500045443175622e-09
1302,13.02,1.2500045443175622e-09
1303,13.03,1.2500045443175622e-09
1304,13.04,1.2500045443175622e-09
1305,13.05,1.2500044332952598e-09
1306,13.06,1.2500045443175622e-09
1307,13.07,1.2500045443175622e-09
1308,13.08,1.2500045443175622e-09
1309,13.09,1.2500045443175622e-09
1310,13.1,1.2500045443175622e-09
1311,13.11,1.2500044332952598e-09
1312,13.12,1.2500045443175622e-09
1313,13.13,1.2500045443175622e-09
1314,13.14,1.2500045443175622e-09
1315,13.15,1.2500045443175622e-09
1316,13.16,1.2500045443175622e-09
1317,13.17,1.2500044332952598e-09
1318,13.18,1.2500045443175622e-09
1319,13.19,1.2500045443175622e-09
1320,13.2,1.2500045443175622e-09
1321,13.21,1.2500045443175622e-09
1322,13.22,1.2500045443175622e-09
1323,13.23,1.2500045443175622e-09
1324,13.24,1.2500045443175622e-09
1325,13.25,1.2500045443175622e-09
1326,13.26,1.2500045443175622e-09
1327,13.27,1.2500044332952598e-09
1328,13.28,1.2500045443175622e-09
1329,13.29,1.2500045443175622e-09
1330,13.3,1.2500045443175622e-09
1331,13.31,1.2500045443175622e-09
1332,13.32,1.2500044332952598e-09
1333,13.33,1.2500045443175622e-09
1334,13.34,1.2500044332952598e-09
1335,13.35,1.2500045443175622e-09
1336,13.36,1.2500045443175622e-09
1337,13.37,1.2500045443175622e-09
1338,13.38,1.2500045443175622e-09
1339,13.39,1.2500045443175622e-09
1340,13.4,1.2500045443175622e-09
1341,13.41,1.2500045443175622e-09
1342,13.42,1.2500045443175622e-09
1343,13.43,1.2500045443175622e-09
1344,13.44,1.2500045443175622e-09
1345,13.45,1.2500045443175622e-09
1346,13.46,1.2500045443175622e-09
1347,13.47,1.2500045443175622e-09
1348,13.48,1.2500044332952598e-09
1349,13.49,1.2500045443175622e-09
1350,13.5,1.2500045443175622e-09
1351,13.51,1.2500045443175622e-09
1352,13.52,1.2500045443175622e-09
1353,13.53,1.2500044332952598e-09
1354,13.54,1.2500045443175622e-09
1355,13.55,1.2500045443175622e-09
1356,13.56,1.2500045443175622e-09
1357,13.57,1.2500045443175622e-09
1358,13.58,1.2500045443175622e-09
1359,13.59,1.2500045443175622e-09
1360,13.6,1.2500045443175622e-09
1361,13.61,1.2500044332952598e-09
1362,13.62,1.2500045443175622e-09
1363,13.63,1.2500045443175622e-09
1364,13.64,1.2500045443175622e-09
1365,13.65,1.2500045443175622e-09
1366,13.66,1.2500045443175622e-09
1367,13.67,1.2500044332952598e-09
1368,13.68,1.2500045443175622e-09
1369,13.69,1.2500045443175622e-09
1370,13.7,1.2500045443175622e-09
1371,13.71,1.2500045443175622e-09
1372,13.72,1.2500045443175622e-09
1373,13.73,1.2500045443175622e-09
1374,13.74,1.2500045443175622e-09
1375,13.75,1.2500045443175622e-09
1376,13.76,1.2500045443175622e-09
1377,13.77,1.2500045443175622e-09
1378,13.78,1.2500045443175622e-09
1379,13.79,1.2500045443175622e-09
1380,13.8,1.2500044332952598e-09
1381,13.81,1.2500045443175622e-09
1382,13.82,1.2500045443175622e-09
1383,13.83,1.2500045443175622e-09
1384,13.84,1.2500045443175622e-09
1385,13.85,1.2500045443175622e-09
1386,13.86,1.2500045443175622e-09
1387,13.87,1.2500044332952598e-09
1388,13.88,1.2500045443175622e-09
1389,13.89,1.2500044332952598e-09
1390,13.9,1.2500045443175622e-09
1391,13.91,1.2500045443175622e-09
1392,13.92,1.2500045443175622e-09
1393,13.93,1.2500045443175622e-09
1394,13.94,1.2500045443175622e-09
1395,13.95,1.2500044332952598e-09
1396,13.96,1.2500045443175622e-09
1397,13.97,1.2500045443175622e-09
1398,13.98,1.2500045443175622e-09
1399,13.99,1.2500044332952598e-09
1400,14.0,1.2500045443175622e-09
1401,14.01,1.2500045443175622e-09
1402,14.02,1.2500045443175622e-09
1403,14.03,1.2500045443175622e-09
1404,14.04,1.2500045443175622e-09
1405,14.05,1.2500045443175622e-09
1406,14.06,1.2500045443175622e-09
1407,14.07,1.2500045443175622e-09
1408,14.08,1.2500045443175622e-09
1409,14.09,1.2500045443175622e-09
1410,14.1,1.2500045443175622e-09
1411,14.11,1.2500045443175622e-09
1412,14.12,1.2500045443175622e-09
1413,14.13,1.2500044332952598e-09
1414,14.14,1.2500045443175622e-09
1415,14.15,1.2500045443175622e-09
1416,14.16,1.2500045443175622e-09
1417,14.17,1.2500045443175622e-09
1418,14.18,1.2500045443175622e-09
1419,14.19,1.2500045443175622e-09
1420,14.2,1.2500045443175622e-09
1421,14.21,1.2500045443175622e-09
1422,14.22,1.2500045443175622e-09
1423,14.23,1.2500044332952598e-09
1424,14.24,1.2500044332952598e-09
1425,14.25,1.2500045443175622e-09
1426,14.26,1.2500045443175622e-09
1427,14.27,1.2500045443175622e-09
1428,14.28,1.2500045443175622e-09
1429,14.29,1.2500045443175622e-09
1430,14.3,1.2500045443175622e-09
1431,14.31,1.2500045443175622e-09
1432,14.32,1.2500045443175622e-09
1433,14.33,1.2500045443175622e-09
1434,14.34,1.2500045443175622e-09
1435,14.35,1.2500045443175622e-09
1436,14.36,1.2500045443175622e-09
1437,14.37,1.2500044332952598e-09
1438,14.38,1.2500044332952598e-09
1439,14.39,1.2500045443175622e-09
1440,14.4,1.2500045443175622e-09
1441,14.41,1.2500045443175622e-09
1442,14.42,1.2500044332952598e-09
1443,14.43,1.2500045443175622e-09
1444,14.44,1.2500044332952598e-09
1445,14.45,1.2500045443175622e-09
1446,14.46,1.2500045443175622e-09
1447,14.47,1.2500045443175622e-09
1448,14.48,1.2500045443175622e-09
1449,14.49,1.2500045443175622e-09
1450,14.5,1.2500045443175622e-09
1451,14.51,1.2500045443175622e-09
1452,14.52,1.2500044332952598e-09
1453,14.53,1.2500045443175622e-09
1454,14.54,1.2500045443175622e-09
1455,14.55,1.2500045443175622e-09
1456,14.56,1.2500045443175622e-09
1457,14.57,1.2500045443175622e-09
1458,14.58,1.2500045443175622e-09
1459,14.59,1.2500045443175622e-09
1460,14.6,1.2500045443175622e-09
1461,14.61,1.2500045443175622e-09
1462,14.62,1.2500045443175622e-09
1463,14.63,1.2500045443175622e-09
1464,14.64,1.2500045443175622e-09
1465,14.65,1.2500045443175622e-09
1466,14.66,1.2500045443175622e-09
1467,14.67,1.2500045443175622e-09
1468,14.68,1.2500044332952598e-09
1469,14.69,1.2500045443175622e-09
1470,14.7,1.2500045443175622e-09
1471,14.71,1.2500044332952598e-09
1472,14.72,1.2500045443175622e-09
1473,14.73,1.2500045443175622e-09
1474,14.74,1.2500045443175622e-09
1475,14.75,1.2500045443175622e-09
1476,14.76,1.2500045443175622e-09
1477,14.77,1.2500045443175622e-09
1478,14.78,1.2500044332952598e-09
1479,14.79,1.2500044332952598e-09
1480,14.8,1.2500045443175622e-09
1481,14.81,1.2500045443175622e-09
1482,14.82,1.2500045443175622e-09
1483,14.83,1.2500044332952598e-09
1484,14.84,1.2500045443175622e-09
1485,14.85,1.2500045443175622e-09
1486,14.86,1.2500045443175622e-09
1487,14.87,1.2500045443175622e-09
1488,14.88,1.2500045443175622e-09
1489,14.89,1.2500045443175622e-09
1490,14.9,1.2500045443175622e-09
1491,14.91,1.2500045443175622e-09
1492,14.92,1.2500045443175622e-09
1493,14.93,1.2500045443175622e-09
1494,14.94,1.2500045443175622e-09
1495,14.95,1.2500045443175622e-09
1496,14.96,1.2500045443175622e-09
1497,14.97,1.2500045443175622e-09
1498,14.98,1.2500045443175622e-09
1499,14.99,1.2500045443175622e-09
1500,15.0,1.2500045443175622e-09
1501,15.01,1.2500045443175622e-09
1502,15.02,1.2500045443175622e-09
1503,15.03,1.2500045443175622e-09
1504,15.04,1.2500045443175622e-09
1505,15.05,1.2500045443175622e-09
1506,15.06,1.2500045443175622e-09
1507,15.07,1.2500045443175622e-09
1508,15.08,1.2500045443175622e-09
1509,15.09,1.2500045443175622e-09
1510,15.1,1.2500045443175622e-09
1511,15.11,1.2500045443175622e-09
1512,15.12,1.2500045443175622e-09
1513,15.13,1.2500045443175622e-09
1514,15.14,1.2500045443175622e-09
1515,15.15,1.2500045443175622e-09
1516,15.16,1.2500045443175622e-09
1517,15.17,1.2500045443175622e-09
1518,15.18,1.2500045443175622e-09
1519,15.19,1.2500045443175622e-09
1520,15.2,1.2500045443175622e-09
1521,15.21,1.2500045443175622e-09
1522,15.22,1.2500045443175622e-09
1523,15.23,1.2500045443175622e-09
1524,15.24,1.2500045443175622e-09
1525,15.25,1.2500045443175622e-09
1526,15.26,1.2500045443175622e-09
1527,15.27,1.2500045443175622e-09
1528,15.28,1.2500045443175622e-09
1529,15.29,1.2500045443175622e-09
1530,15.3,1.2500045443175622e-09
1531,15.31,1.2500045443175622e-09
1532,15.32,1.2500044332952598e-09
1533,15.33,1.2500045443175622e-09
1534,15.34,1.2500044332952598e-09
1535,15.35,1.2500045443175622e-09
1536,15.36,1.2500045443175622e-09
1537,15.37,1.2500045443175622e-09
1538,15.38,1.2500045443175622e-09
1539,15.39,1.2500045443175622e-09
1540,15.4,1.2500045443175622e-09
1541,15.41,1.2500044332952598e-09
1542,15.42,1.2500045443175622e-09
1543,15.43,1.2500045443175622e-09
1544,15.44,1.2500044332952598e-09
1545,15.45,1.2500045443175622e-09
1546,15.46,1.2500045443175622e-09
1547,15.47,1.2500044332952598e-09
1548,15.48,1.2500045443175622e-09
1549,15.49,1.2500045443175622e-09
1550,15.5,1.2500045443175622e-09
1551,15.51,1.2500045443175622e-09
1552,15.52,1.2500044332952598e-09
1553,15.53,1.2500045443175622e-09
1554,15.54,1.2500045443175622e-09
1555,15.55,1.2500045443175622e-09
1556,15.56,1.2500045443175622e-09
1557,15.57,1.2500045443175622e-09
1558,15.58,1.2500045443175622e-09
1559,15.59,1.2500045443175622e-09
1560,15.6,1.2500045443175622e-09
1561,15.61,1.2500045443175622e-09
1562,15.62,1.2500045443175622e-09
1563,15.63,1.2500045443175622e-09
1564,15.64,1.2500045443175622e-09
1565,15.65,1.2500045443175622e-09
1566,15.66,1.2500045443175622e-09
1567,15.67,1.2500045443175622e-09
1568,15.68,1.2500045443175622e-09
1569,15.69,1.2500045443175622e-09
1570,15.7,1.2500045443175622e-09
1571,15.71,1.2500045443175622e-09
1572,15.72,1.2500045443175622e-09
1573,15.73,1.2500045443175622e-09
1574,15.74,1.2500045443175622e-09
1575,15.75,1.2500045443175622e-09
1576,15.76,1.2500045443175622e-09
1577,15.77,1.2500045443175622e-09
1578,15.78,1.2500045443175622e-09
1579,15.79,1.2500045443175622e-09
1580,15.8,1.2500045443175622e-09
1581,15.81,1.2500045443175622e-09
1582,15.82,1.2500045443175622e-09
1583,15.83,1.2500045443175622e-09
1584,15.84,1.2500045443175622e-09
1585,15.85,1.2500045443175622e-09
1586,15.86,1.2500045443175622e-09
1587,15.87,1.2500045443175622e-09
1588,15.88,1.2500045443175622e-09
1589,15.89,1.2500045443175622e-09
1590,15.9,1.2500045443175622e-09
1591,15.91,1.2500045443175622e-09
1592,15.92,1.2500045443175622e-09
1593,15.93,1.2500045443175622e-09
1594,15.94,1.2500045443175622e-09
1595,15.95,1.2500045443175622e-09
1596,15.96,1.2500045443175622e-09
1597,15.97,1.2500045443175622e-09
1598,15.98,1.2500045443175622e-09
1599,15.99,1.2500045443175622e-09
1600,16.0,1.2500045443175622e-09
1601,16.01,1.2500045443175622e-09
1602,16.02,1.2500045443175622e-09
1603,16.03,1.2500044332952598e-09
1604,16.04,1.2500045443175622e-09
1605,16.05,1.2500045443175622e-09
1606,16.06,1.2500045443175622e-09
1607,16.07,1.2500045443175622e-09
1608,16.08,1.2500045443175622e-09
1609,16.09,1.2500044332952598e-09
1610,16.1,1.2500044332952598e-09
1611,16.11,1.2500045443175622e-09
1612,16.12,1.2500045443175622e-09
1613,16.13,1.2500045443175622e-09
1614,16.14,1.2500045443175622e-09
1615,16.15,1.2500045443175622e-09
1616,16.16,1.2500045443175622e-09
1617,16.17,1.2500045443175622e-09
1618,16.18,1.2500045443175622e-09
1619,16.19,1.2500045443175622e-09
1620,16.2,1.2500044332952598e-09
1621,16.21,1.2500044332952598e-09
1622,16.22,1.2500045443175622e-09
1623,16.23,1.2500045443175622e-09
1624,16.24,1.2500045443175622e-09
1625,16.25,1.2500045443175622e-09
1626,16.26,1.2500045443175622e-09
1627,16.27,1.2500045443175622e-09
1628,16.28,1.2500045443175622e-09
1629,16.29,1.2500045443175622e-09
1630,16.3,1.2500045443175622e-09
1631,16.31,1.2500045443175622e-09
1632,16.32,1.2500045443175622e-09
1633,16.33,1.2500045443175622e-09
1634,16.34,1.2500045443175622e-09
1635,16.35,1.2500045443175622e-09
1636,16.36,1.2500045443175622e-09
1637,16.37,1.2500045443175622e-09
1638,16.38,1.2500045443175622e-09
1639,16.39,1.2500045443175622e-09
1640,16.4,1.2500045443175622e-09
1641,16.41,1.2500045443175622e-09
1642,16.42,1.2500045443175622e-09
1643,16.43,1.2500045443175622e-09
1644,16.44,1.2500045443175622e-09
1645,16.45,1.2500045443175622e-09
1646,16.46,1.2500045443175622e-09
1647,16.47,1.2500045443175622e-09
1648,16.48,1.2500045443175622e-09
1649,16.49,1.2500045443175622e-09
1650,16.5,1.2500045443175622e-09
1651,16.51,1.2500045443175622e-09
1652,16.52,1.2500045443175622e-09
1653,16.53,1.2500045443175622e-09
1654,16.54,1.2500044332952598e-09
1655,16.55,1.2500045443175622e-09
1656,16.56,1.2500045443175622e-09
1657,16.57,1.2500045443175622e-09
1658,16.58,1.2500045443175622e-09
1659,16.59,1.2500044332952598e-09
1660,16.6,1.2500045443175622e-09
1661,16.61,1.2500045443175622e-09
1662,16.62,1.2500045443175622e-09
1663,16.63,1.2500045443175622e-09
1664,16.64,1.2500044332952598e-09
1665,16.65,1.2500045443175622e-09
1666,16.66,1.2500045443175622e-09
1667,16.67,1.2500045443175622e-09
1668,16.68,1.2500045443175622e-09
1669,16.69,1.2500045443175622e-09
1670,16.7,1.2500045443175622e-09
1671,16.71,1.2500045443175622e-09
1672,16.72,1.2500045443175622e-09
1673,16.73,1.2500045443175622e-09
1674,16.74,1.2500045443175622e-09
1675,16.75,1.2500045443175622e-09
1676,16.76,1.2500044332952598e-09
1677,16.77,1.2500045443175622e-09
1678,16.78,1.2500045443175622e-09
1679,16.79,1.2500045443175622e-09
1680,16.8,1.2500045443175622e-09
1681,16.81,1.2500045443175622e-09
1682,16.82,1.2500045443175622e-09
1683,16.83,1.2500045443175622e-09
1684,16.84,1.2500045443175622e-09
1685,16.85,1.2500045443175622e-09
1686,16.86,1.2500045443175622e-09
1687,16.87,1.2500045443175622e-09
1688,16.88,1.2500045443175622e-09
1689,16.89,1.2500045443175622e-09
1690,16.9,1.2500045443175622e-09
1691,16.91,1.2500045443175622e-09
1692,16.92,1.2500045443175622e-09
1693,16.93,1.2500045443175622e-09
1694,16.94,1.2500045443175622e-09
1695,16.95,1.2500045443175622e-09
1696,16.96,1.2500045443175622e-09
1697,16.97,1.2500045443175622e-09
1698,16.98,1.2500045443175622e-09
1699,16.99,1.2500045443175622e-09
1700,17.0,1.2500045443175622e-09
1701,17.01,1.2500045443175622e-09
1702,17.02,1.2500045443175622e-09
1703,17.03,1.2500045443175622e-09
1704,17.04,1.2500045443175622e-09
1705,17.05,1.2500045443175622e-09
1706,17.06,1.2500045443175622e-09
1707,17.07,1.2500045443175622e-09
1708,17.08,1.2500045443175622e-09
1709,17.09,1.2500045443175622e-09
1710,17.1,1.2500045443175622e-09
1711,17.11,1.2500045443175622e-09
1712,17.12,1.2500045443175622e-09
1713,17.13,1.2500045443175622e-09
1714,17.14,1.2500045443175622e-09
1715,17.15,1.2500045443175622e-09
1716,17.16,1.2500045443175622e-09
1717,17.17,1.2500045443175622e-09
1718,17.18,1.2500045443175622e-09
1719,17.19,1.2500045443175622e-09
1720,17.2,1.2500045443175622e-09
1721,17.21,1.2500045443175622e-09
1722,17.22,1.2500045443175622e-09
1723,17.23,1.2500045443175622e-09
1724,17.24,1.2500045443175622e-09
1725,17.25,1.2500045443175622e-09
1726,17.26,1.2500045443175622e-09
1727,17.27,1.2500045443175622e-09
1728,17.28,1.2500045443175622e-09
1729,17.29,1.2500045443175622e-09
1730,17.3,1.2500045443175622e-09
1731,17.31,1.2500045443175622e-09
1732,17.32,1.2500045443175622e-09
1733,17.33,1.2500045443175622e-09
1734,17.34,1.2500045443175622e-09
1735,17.35,1.2500045443175622e-09
1736,17.36,1.2500045443175622e-09
1737,17.37,1.2500045443175622e-09
1738,17.38,1.2500044332952598e-09
1739,17.39,1.2500045443175622e-09
1740,17.4,1.2500045443175622e-09
1741,17.41,1.2500045443175622e-09
1742,17.42,1.2500045443175622e-09
1743,17.43,1.2500045443175622e-09
1744,17.44,1.2500045443175622e-09
1745,17.45,1.2500045443175622e-09
1746,17.46,1.2500045443175622e-09
1747,17.47,1.2500045443175622e-09
1748,17.48,1.2500045443175622e-09
1749,17.49,1.2500045443175622e-09
1750,17.5,1.2500045443175622e-09
1751,17.51,1.2500045443175622e-09
1752,17.52,1.2500045443175622e-09
1753,17.53,1.2500045443175622e-09
1754,17.54,1.2500045443175622e-09
1755,17.55,1.2500045443175622e-09
1756,17.56,1.2500045443175622e-09
1757,17.57,1.2500045443175622e-09
1758,17.58,1.2500045443175622e-09
1759,17.59,1.2500045443175622e-09
1760,17.6,1.2500045443175622e-09
1761,17.61,1.2500045443175622e-09
1762,17.62,1.2500045443175622e-09
1763,17.63,1.2500045443175622e-09
1764,17.64,1.2500045443175622e-09
1765,17.65,1.2500045443175622e-09
1766,17.66,1.2500045443175622e-09
1767,17.67,1.2500045443175622e-09
1768,17.68,1.2500045443175622e-09
1769,17.69,1.2500045443175622e-09
1770,17.7,1.2500045443175622e-09
1771,17.71,1.2500045443175622e-09
1772,17.72,1.2500045443175622e-09
1773,17.73,1.2500045443175622e-09
1774,17.74,1.2500045443175622e-09
1775,17.75,1.2500045443175622e-09
1776,17.76,1.2500045443175622e-09
1777,17.77,1.2500045443175622e-09
1778,17.78,1.2500045443175622e-09
1779,17.79,1.2500045443175622e-09
1780,17.8,1.2500045443175622e-09
1781,17.81,1.2500045443175622e-09
1782,17.82,1.2500045443175622e-09
1783,17.83,1.2500045443175622e-09
1784,17.84,1.2500045443175622e-09
1785,17.85,1.2500045443175622e-09
1786,17.86,1.2500045443175622e-09
1787,17.87,1.2500045443175622e-09
1788,17.88,1.2500045443175622e-09
1789,17.89,1.2500045443175622e-09
1790,17.9,1.2500045443175622e-09
1791,17.91,1.2500045443175622e-09
1792,17.92,1.2500045443175622e-09
1793,17.93,1.2500045443175622e-09
1794,17.94,1.2500045443175622e-09
1795,17.95,1.2500045443175622e-09
1796,17.96,1.2500045443175622e-09
1797,17.97,1.2500045443175622e-09
1798,17.98,1.2500045443175622e-09
1799,17.99,1.2500045443175622e-09
1800,18.0,1.2500045443175622e-09
1801,18.01,1.2500045443175622e-09
1802,18.02,1.2500045443175622e-09
1803,18.03,1.2500045443175622e-09
1804,18.04,1.2500045443175622e-09
1805,18.05,1.2500044332952598e-09
1806,18.06,1.2500045443175622e-09
1807,18.07,1.2500045443175622e-09
1808,18.08,1.2500045443175622e-09
1809,18.09,1.2500045443175622e-09
1810,18.1,1.2500045443175622e-09
1811,18.11,1.2500045443175622e-09
1812,18.12,1.2500045443175622e-09
1813,18.13,1.2500045443175622e-09
1814,18.14,1.2500045443175622e-09
1815,18.15,1.2500045443175622e-09
1816,18.16,1.2500045443175622e-09
1817,18.17,1.2500045443175622e-09
1818,18.18,1.2500045443175622e-09
1819,18.19,1.2500045443175622e-09
1820,18.2,1.2500045443175622e-09
1821,18.21,1.2500045443175622e-09
1822,18.22,1.2500045443175622e-09
1823,18.23,1.2500045443175622e-09
1824,18.24,1.2500045443175622e-09
1825,18.25,1.2500045443175622e-09
1826,18.26,1.2500045443175622e-09
1827,18.27,1.2500045443175622e-09
1828,18.28,1.2500045443175622e-09
1829,18.29,1.2500045443175622e-09
1830,18.3,1.2500045443175622e-09
1831,18.31,1.2500045443175622e-09
1832,18.32,1.2500045443175622e-09
1833,18.33,1.2500045443175622e-09
1834,18.34,1.2500045443175622e-09
1835,18.35,1.2500045443175622e-09
1836,18.36,1.2500045443175622e-09
1837,18.37,1.2500045443175622e-09
1838,18.38,1.2500045443175622e-09
1839,18.39,1.2500045443175622e-09
1840,18.4,1.2500045443175622e-09
1841,18.41,1.2500045443175622e-09
1842,18.42,1.2500045443175622e-09
1843,18.43,1.2500045443175622e-09
1844,18.44,1.2500045443175622e-09
1845,18.45,1.2500045443175622e-09
1846,18.46,1.2500045443175622e-09
1847,18.47,1.2500045443175622e-09
1848,18.48,1.2500045443175622e-09
1849,18.49,1.2500045443175622e-09
1850,18.5,1.2500045443175622e-09
1851,18.51,1.2500045443175622e-09
1852,18.52,1.2500045443175622e-09
1853,18.53,1.2500045443175622e-09
1854,18.54,1.2500045443175622e-09
1855,18.55,1.2500045443175622e-09
1856,18.56,1.2500045443175622e-09
1857,18.57,1.2500045443175622e-09
1858,18.58,1.2500045443175622e-09
1859,18.59,1.2500045443175622e-09
1860,18.6,1.2500045443175622e-09
1861,18.61,1.2500045443175622e-09
1862,18.62,1.2500045443175622e-09
1863,18.63,1.2500045443175622e-09
1864,18.64,1.2500045443175622e-09
1865,18.65,1.2500045443175622e-09
1866,18.66,1.2500045443175622e-09
1867,18.67,1.2500045443175622e-09
1868,18.68,1.2500045443175622e-09
1869,18.69,1.2500045443175622e-09
1870,18.7,1.2500045443175622e-09
1871,18.71,1.2500045443175622e-09
1872,18.72,1.2500045443175622e-09
1873,18.73,1.2500045443175622e-09
1874,18.74,1.2500045443175622e-09
1875,18.75,1.2500045443175622e-09
1876,18.76,1.2500045443175622e-09
1877,18.77,1.2500045443175622e-09
1878,18.78,1.2500045443175622e-09
1879,18.79,1.2500045443175622e-09
1880,18.8,1.2500045443175622e-09
1881,18.81,1.2500045443175622e-09
1882,18.82,1.2500045443175622e-09
1883,18.83,1.2500045443175622e-09
1884,18.84,1.2500045443175622e-09
1885,18.85,1.2500045443175622e-09
1886,18.86,1.2500045443175622e-09
1887,18.87,1.2500045443175622e-09
1888,18.88,1.2500045443175622e-09
1889,18.89,1.2500045443175622e-09
1890,18.9,1.2500045443175622e-09
1891,18.91,1.2500045443175622e-09
1892,18.92,1.2500045443175622e-09
1893,18.93,1.2500045443175622e-09
1894,18.94,1.2500045443175622e-09
1895,18.95,1.2500045443175622e-09
1896,18.96,1.2500045443175622e-09
1897,18.97,1.2500045443175622e-09
1898,18.98,1.2500045443175622e-09
1899,18.99,1.2500045443175622e-09
1900,19.0,1.2500045443175622e-09
1901,19.01,1.2500045443175622e-09
1902,19.02,1.2500045443175622e-09
1903,19.03,1.2500045443175622e-09
1904,19.04,1.2500045443175622e-09
1905,19.05,1.2500045443175622e-09
1906,19.06,1.2500045443175622e-09
1907,19.07,1.2500045443175622e-09
1908,19.08,1.2500045443175622e-09
1909,19.09,1.2500045443175622e-09
1910,19.1,1.2500045443175622e-09
1911,19.11,1.2500045443175622e-09
1912,19.12,1.2500045443175622e-09
1913,19.13,1.2500045443175622e-09
1914,19.14,1.2500045443175622e-09
1915,19.15,1.2500045443175622e-09
1916,19.16,1.2500045443175622e-09
1917,19.17,1.2500045443175622e-09
1918,19.18,1.2500045443175622e-09
1919,19.19,1.2500045443175622e-09
1920,19.2,1.2500045443175622e-09
1921,19.21,1.2500045443175622e-09
1922,19.22,1.2500045443175622e-09
1923,19.23,1.2500045443175622e-09
1924,19.24,1.2500045443175622e-09
1925,19.25,1.2500045443175622e-09
1926,19.26,1.2500045443175622e-09
1927,19.27,1.2500045443175622e-09
1928,19.28,1.2500045443175622e-09
1929,19.29,1.2500044332952598e-09
1930,19.3,1.2500045443175622e-09
1931,19.31,1.2500045443175622e-09
1932,19.32,1.2500045443175622e-09
1933,19.33,1.2500045443175622e-09
1934,19.34,1.2500045443175622e-09
1935,19.35,1.2500045443175622e-09
1936,19.36,1.2500045443175622e-09
1937,19.37,1.2500045443175622e-09
1938,19.38,1.2500045443175622e-09
1939,19.39,1.2500045443175622e-09
1940,19.4,1.2500045443175622e-09
1941,19.41,1.2500045443175622e-09
1942,19.42,1.2500045443175622e-09
1943,19.43,1.2500045443175622e-09
1944,19.44,1.2500045443175622e-09
1945,19.45,1.2500045443175622e-09
1946,19.46,1.2500044332952598e-09
1947,19.47,1.2500045443175622e-09
1948,19.48,1.2500045443175622e-09
1949,19.49,1.2500045443175622e-09
1950,19.5,1.2500045443175622e-09
1951,19.51,1.2500045443175622e-09
1952,19.52,1.2500045443175622e-09
1953,19.53,1.2500045443175622e-09
1954,19.54,1.2500045443175622e-09
1955,19.55,1.2500045443175622e-09
1956,19.56,1.2500045443175622e-09
1957,19.57,1.2500045443175622e-09
1958,19.58,1.2500045443175622e-09
1959,19.59,1.2500045443175622e-09
1960,19.6,1.2500045443175622e-09
1961,19.61,1.2500045443175622e-09
1962,19.62,1.2500045443175622e-09
1963,19.63,1.2500045443175622e-09
1964,19.64,1.2500045443175622e-09
1965,19.65,1.2500045443175622e-09
1966,19.66,1.2500045443175622e-09
1967,19.67,1.2500045443175622e-09
1968,19.68,1.2500045443175622e-09
1969,19.69,1.2500045443175622e-09
1970,19.7,1.2500045443175622e-09
1971,19.71,1.2500045443175622e-09
1972,19.72,1.2500045443175622e-09
1973,19.73,1.2500045443175622e-09
1974,19.74,1.2500045443175622e-09
1975,19.75,1.2500045443175622e-09
1976,19.76,1.2500045443175622e-09
1977,19.77,1.2500045443175622e-09
1978,19.78,1.2500045443175622e-09
1979,19.79,1.2500045443175622e-09
1980,19.8,1.2500045443175622e-09
1981,19.81,1.2500045443175622e-09
1982,19.82,1.2500045443175622e-09
1983,19.83,1.2500044332952598e-09
1984,19.84,1.2500045443175622e-09
1985,19.85,1.2500045443175622e-09
1986,19.86,1.2500045443175622e-09
1987,19.87,1.2500045443175622e-09
1988,19.88,1.2500045443175622e-09
1989,19.89,1.2500045443175622e-09
1990,19.9,1.2500045443175622e-09
1991,19.91,1.2500045443175622e-09
1992,19.92,1.2500045443175622e-09
1993,19.93,1.2500045443175622e-09
1994,19.94,1.2500045443175622e-09
1995,19.95,1.2500045443175622e-09
1996,19.96,1.2500045443175622e-09
1997,19.97,1.2500045443175622e-09
1998,19.98,1.2500045443175622e-09
1999,19.99,1.2500045443175622e-09
2000,20.0,1.2500045443175622e-09
2001,20.01,1.2500045443175622e-09
2002,20.02,1.2500045443175622e-09
2003,20.03,1.2500045443175622e-09
2004,20.04,1.2500045443175622e-09
2005,20.05,1.2500045443175622e-09
2006,20.06,1.2500045443175622e-09
2007,20.07,1.2500045443175622e-09
2008,20.08,1.2500045443175622e-09
2009,20.09,1.2500045443175622e-09
2010,20.1,1.2500045443175622e-09
2011,20.11,1.2500045443175622e-09
2012,20.12,1.2500045443175622e-09
2013,20.13,1.2500045443175622e-09
2014,20.14,1.2500045443175622e-09
2015,20.15,1.2500045443175622e-09
2016,20.16,1.2500045443175622e-09
2017,20.17,1.2500045443175622e-09
2018,20.18,1.2500045443175622e-09
2019,20.19,1.2500045443175622e-09
2020,20.2,1.2500045443175622e-09
2021,20.21,1.2500045443175622e-09
2022,20.22,1.2500045443175622e-09
2023,20.23,1.2500045443175622e-09
2024,20.24,1.2500045443175622e-09
2025,20.25,1.2500045443175622e-09
2026,20.26,1.2500045443175622e-09
2027,20.27,1.2500045443175622e-09
2028,20.28,1.2500045443175622e-09
2029,20.29,1.2500045443175622e-09
2030,20.3,1.2500045443175622e-09
2031,20.31,1.2500045443175622e-09
2032,20.32,1.2500045443175622e-09
2033,20.33,1.2500045443175622e-09
2034,20.34,1.2500045443175622e-09
2035,20.35,1.2500045443175622e-09
2036,20.36,1.2500045443175622e-09
2037,20.37,1.2500045443175622e-09
2038,20.38,1.2500045443175622e-09
2039,20.39,1.2500045443175622e-09
2040,20.4,1.2500045443175622e-09
2041,20.41,1.2500045443175622e-09
2042,20.42,1.2500045443175622e-09
2043,20.43,1.2500045443175622e-09
2044,20.44,1.2500045443175622e-09
2045,20.45,1.2500045443175622e-09
2046,20.46,1.2500045443175622e-09
2047,20.47,1.2500045443175622e-09
2048,20.48,1.2500045443175622e-09
2049,20.49,1.2500045443175622e-09
2050,20.5,1.2500045443175622e-09
2051,20.51,1.2500045443175622e-09
2052,20.52,1.2500045443175622e-09
2053,20.53,1.2500045443175622e-09
2054,20.54,1.2500045443175622e-09
2055,20.55,1.2500045443175622e-09
2056,20.56,1.2500045443175622e-09
2057,20.57,1.2500045443175622e-09
2058,20.58,1.2500045443175622e-09
2059,20.59,1.2500045443175622e-09
2060,20.6,1.2500045443175622e-09
2061,20.61,1.2500045443175622e-09
2062,20.62,1.2500045443175622e-09
2063,20.63,1.2500045443175622e-09
2064,20.64,1.2500045443175622e-09
2065,20.65,1.2500045443175622e-09
2066,20.66,1.2500045443175622e-09
2067,20.67,1.2500045443175622e-09
2068,20.68,1.2500045443175622e-09
2069,20.69,1.2500045443175622e-09
2070,20.7,1.2500045443175622e-09
2071,20.71,1.2500045443175622e-09
2072,20.72,1.2500045443175622e-09
2073,20.73,1.2500045443175622e-09
2074,20.74,1.2500045443175622e-09
2075,20.75,1.2500045443175622e-09
2076,20.76,1.2500045443175622e-09
2077,20.77,1.2500045443175622e-09
2078,20.78,1.2500045443175622e-09
2079,20.79,1.2500045443175622e-09
2080,20.8,1.2500045443175622e-09
2081,20.81,1.2500045443175622e-09
2082,20.82,1.2500045443175622e-09
2083,20.83,1.2500045443175622e-09
2084,20.84,1.2500045443175622e-09
2085,20.85,1.2500045443175622e-09
2086,20.86,1.2500045443175622e-09
2087,20.87,1.2500045443175622e-09
2088,20.88,1.2500045443175622e-09
2089,20.89,1.2500045443175622e-09
2090,20.9,1.2500045443175622e-09
2091,20.91,1.2500045443175622e-09
2092,20.92,1.2500045443175622e-09
2093,20.93,1.2500045443175622e-09
2094,20.94,1.2500045443175622e-09
2095,20.95,1.2500045443175622e-09
2096,20.96,1.2500045443175622e-09
2097,20.97,1.2500045443175622e-09
2098,20.98,1.2500045443175622e-09
2099,20.99,1.2500045443175622e-09
2100,21.0,1.2500045443175622e-09
2101,21.01,1.2500045443175622e-09
2102,21.02,1.2500045443175622e-09
2103,21.03,1.2500045443175622e-09
2104,21.04,1.2500045443175622e-09
2105,21.05,1.2500045443175622e-09
2106,21.06,1.2500045443175622e-09
2107,21.07,1.2500045443175622e-09
2108,21.08,1.2500045443175622e-09
2109,21.09,1.2500045443175622e-09
2110,21.1,1.2500045443175622e-09
2111,21.11,1.2500045443175622e-09
2112,21.12,1.2500045443175622e-09
2113,21.13,1.2500045443175622e-09
2114,21.14,1.2500045443175622e-09
2115,21.15,1.2500045443175622e-09
2116,21.16,1.2500045443175622e-09
2117,21.17,1.2500045443175622e-09
2118,21.18,1.2500045443175622e-09
2119,21.19,1.2500045443175622e-09
2120,21.2,1.2500045443175622e-09
2121,21.21,1.2500045443175622e-09
2122,21.22,1.2500045443175622e-09
2123,21.23,1.2500045443175622e-09
2124,21.24,1.2500045443175622e-09
2125,21.25,1.2500045443175622e-09
2126,21.26,1.2500045443175622e-09
2127,21.27,1.2500045443175622e-09
2128,21.28,1.2500045443175622e-09
2129,21.29,1.2500045443175622e-09
2130,21.3,1.2500045443175622e-09
2131,21.31,1.2500045443175622e-09
2132,21.32,1.2500045443175622e-09
2133,21.33,1.2500045443175622e-09
2134,21.34,1.2500045443175622e-09
2135,21.35,1.2500045443175622e-09
2136,21.36,1.2500045443175622e-09
2137,21.37,1.2500045443175622e-09
2138,21.38,1.2500045443175622e-09
2139,21.39,1.2500045443175622e-09
2140,21.4,1.2500045443175622e-09
2141,21.41,1.2500045443175622e-09
2142,21.42,1.2500045443175622e-09
2143,21.43,1.2500045443175622e-09
2144,21.44,1.2500045443175622e-09
2145,21.45,1.2500045443175622e-09
2146,21.46,1.2500045443175622e-09
2147,21.47,1.2500045443175622e-09
2148,21.48,1.2500045443175622e-09
2149,21.49,1.2500045443175622e-09
2150,21.5,1.2500045443175622e-09
2151,21.51,1.2500045443175622e-09
2152,21.52,1.2500045443175622e-09
2153,21.53,1.2500045443175622e-09
2154,21.54,1.2500045443175622e-09
2155,21.55,1.2500045443175622e-09
2156,21.56,1.2500045443175622e-09
2157,21.57,1.2500045443175622e-09
2158,21.58,1.2500045443175622e-09
2159,21.59,1.2500045443175622e-09
2160,21.6,1.2500045443175622e-09
2161,21.61,1.2500045443175622e-09
2162,21.62,1.2500045443175622e-09
2163,21.63,1.2500045443175622e-09
2164,21.64,1.2500045443175622e-09
2165,21.65,1.2500045443175622e-09
2166,21.66,1.2500045443175622e-09
2167,21.67,1.2500045443175622e-09
2168,21.68,1.2500045443175622e-09
2169,21.69,1.2500045443175622e-09
2170,21.7,1.2500045443175622e-09
2171,21.71,1.2500045443175622e-09
2172,21.72,1.2500045443175622e-09
2173,21.73,1.2500045443175622e-09
2174,21.74,1.2500045443175622e-09
2175,21.75,1.2500045443175622e-09
2176,21.76,1.2500045443175622e-09
2177,21.77,1.2500045443175622e-09
2178,21.78,1.2500045443175622e-09
2179,21.79,1.2500045443175622e-09
2180,21.8,1.2500045443175622e-09
2181,21.81,1.2500045443175622e-09
2182,21.82,1.2500045443175622e-09
2183,21.83,1.2500045443175622e-09
2184,21.84,1.2500045443175622e-09
2185,21.85,1.2500045443175622e-09
2186,21.86,1.2500045443175622e-09
2187,21.87,1.2500045443175622e-09
2188,21.88,1.2500045443175622e-09
2189,21.89,1.2500045443175622e-09
2190,21.9,1.2500045443175622e-09
2191,21.91,1.2500045443175622e-09
2192,21.92,1.2500045443175622e-09
2193,21.93,1.2500045443175622e-09
2194,21.94,1.2500045443175622e-09
2195,21.95,1.2500045443175622e-09
2196,21.96,1.2500045443175622e-09
2197,21.97,1.2500045443175622e-09
2198,21.98,1.2500045443175622e-09
2199,21.99,1.2500045443175622e-09
2200,22.0,1.2500045443175622e-09
2201,22.01,1.2500045443175622e-09
2202,22.02,1.2500045443175622e-09
2203,22.03,1.2500045443175622e-09
2204,22.04,1.2500045443175622e-09
2205,22.05,1.2500045443175622e-09
2206,22.06,1.2500045443175622e-09
2207,22.07,1.2500045443175622e-09
2208,22.08,1.2500045443175622e-09
2209,22.09,1.2500045443175622e-09
2210,22.1,1.2500045443175622e-09
2211,22.11,1.2500045443175622e-09
2212,22.12,1.2500045443175622e-09
2213,22.13,1.2500045443175622e-09
2214,22.14,1.2500045443175622e-09
2215,22.15,1.2500045443175622e-09
2216,22.16,1.2500045443175622e-09
2217,22.17,1.2500045443175622e-09
2218,22.18,1.2500045443175622e-09
2219,22.19,1.2500045443175622e-09
2220,22.2,1.2500045443175622e-09
2221,22.21,1.2500045443175622e-09
2222,22.22,1.2500045443175622e-09
2223,22.23,1.2500045443175622e-09
2224,22.24,1.2500045443175622e-09
2225,22.25,1.2500045443175622e-09
2226,22.26,1.2500045443175622e-09
2227,22.27,1.2500045443175622e-09
2228,22.28,1.2500045443175622e-09
2229,22.29,1.2500045443175622e-09
2230,22.3,1.2500045443175622e-09
2231,22.31,1.2500045443175622e-09
2232,22.32,1.2500045443175622e-09
2233,22.33,1.2500045443175622e-09
2234,22.34,1.2500045443175622e-09
2235,22.35,1.2500045443175622e-09
2236,22.36,1.2500045443175622e-09
2237,22.37,1.2500045443175622e-09
2238,22.38,1.2500045443175622e-09
2239,22.39,1.2500045443175622e-09
2240,22.4,1.2500045443175622e-09
2241,22.41,1.2500045443175622e-09
2242,22.42,1.2500045443175622e-09
2243,22.43,1.2500045443175622e-09
2244,22.44,1.2500045443175622e-09
2245,22.45,1.2500045443175622e-09
2246,22.46,1.2500045443175622e-09
2247,22.47,1.2500045443175622e-09
2248,22.48,1.2500045443175622e-09
2249,22.49,1.2500045443175622e-09
2250,22.5,1.2500045443175622e-09
2251,22.51,1.2500045443175622e-09
2252,22.52,1.2500045443175622e-09
2253,22.53,1.2500045443175622e-09
2254,22.54,1.2500045443175622e-09
2255,22.55,1.2500045443175622e-09
2256,22.56,1.2500045443175622e-09
2257,22.57,1.2500045443175622e-09
2258,22.58,1.2500046553398647e-09
2259,22.59,1.2500045443175622e-09
2260,22.6,1.2500045443175622e-09
2261,22.61,1.2500045443175622e-09
2262,22.62,1.2500045443175622e-09
2263,22.63,1.2500045443175622e-09
2264,22.64,1.2500045443175622e-09
2265,22.65,1.2500045443175622e-09
2266,22.66,1.2500045443175622e-09
2267,22.67,1.2500045443175622e-09
2268,22.68,1.2500045443175622e-09
2269,22.69,1.2500045443175622e-09
2270,22.7,1.2500045443175622e-09
2271,22.71,1.2500045443175622e-09
2272,22.72,1.2500045443175622e-09
2273,22.73,1.2500045443175622e-09
2274,22.74,1.2500045443175622e-09
2275,22.75,1.2500045443175622e-09
2276,22.76,1.2500045443175622e-09
2277,22.77,1.2500045443175622e-09
2278,22.78,1.2500045443175622e-09
2279,22.79,1.2500045443175622e-09
2280,22.8,1.2500045443175622e-09
2281,22.81,1.2500045443175622e-09
2282,22.82,1.2500045443175622e-09
2283,22.83,1.2500045443175622e-09
2284,22.84,1.2500045443175622e-09
2285,22.85,1.2500045443175622e-09
2286,22.86,1.2500045443175622e-09
2287,22.87,1.2500045443175622e-09
2288,22.88,1.2500045443175622e-09
2289,22.89,1.2500045443175622e-09
2290,22.9,1.2500045443175622e-09
2291,22.91,1.2500045443175622e-09
2292,22.92,1.2500045443175622e-09
2293,22.93,1.2500045443175622e-09
2294,22.94,1.2500045443175622e-09
2295,22.95,1.2500045443175622e-09
2296,22.96,1.2500045443175622e-09
2297,22.97,1.2500045443175622e-09
2298,22.98,1.2500045443175622e-09
2299,22.99,1.2500045443175622e-09
2300,23.0,1.2500045443175622e-09
2301,23.01,1.2500045443175622e-09
2302,23.02,1.2500045443175622e-09
2303,23.03,1.2500045443175622e-09
2304,23.04,1.2500045443175622e-09
2305,23.05,1.2500045443175622e-09
2306,23.06,1.2500045443175622e-09
2307,23.07,1.2500045443175622e-09
2308,23.08,1.2500045443175622e-09
2309,23.09,1.2500045443175622e-09
2310,23.1,1.2500045443175622e-09
2311,23.11,1.2500045443175622e-09
2312,23.12,1.2500045443175622e-09
2313,23.13,1.2500045443175622e-09
2314,23.14,1.2500045443175622e-09
2315,23.15,1.2500045443175622e-09
2316,23.16,1.2500045443175622e-09
2317,23.17,1.2500045443175622e-09
2318,23.18,1.2500045443175622e-09
2319,23.19,1.2500045443175622e-09
2320,23.2,1.2500045443175622e-09
2321,23.21,1.2500045443175622e-09
2322,23.22,1.2500045443175622e-09
2323,23.23,1.2500045443175622e-09
2324,23.24,1.2500045443175622e-09
2325,23.25,1.2500045443175622e-09
2326,23.26,1.2500045443175622e-09
2327,23.27,1.2500045443175622e-09
2328,23.28,1.2500045443175622e-09
2329,23.29,1.2500045443175622e-09
2330,23.3,1.2500045443175622e-09
2331,23.31,1.2500045443175622e-09
2332,23.32,1.2500045443175622e-09
2333,23.33,1.2500045443175622e-09
2334,23.34,1.2500045443175622e-09
2335,23.35,1.2500045443175622e-09
2336,23.36,1.2500045443175622e-09
2337,23.37,1.2500045443175622e-09
2338,23.38,1.2500045443175622e-09
2339,23.39,1.2500045443175622e-09
2340,23.4,1.2500045443175622e-09
2341,23.41,1.2500045443175622e-09
2342,23.42,1.2500045443175622e-09
2343,23.43,1.2500045443175622e-09
2344,23.44,1.2500045443175622e-09
2345,23.45,1.2500045443175622e-09
2346,23.46,1.2500045443175622e-09
2347,23.47,1.2500045443175622e-09
2348,23.48,1.2500045443175622e-09
2349,23.49,1.2500045443175622e-09
2350,23.5,1.2500045443175622e-09
2351,23.51,1.2500045443175622e-09
2352,23.52,1.2500045443175622e-09
2353,23.53,1.2500045443175622e-09
2354,23.54,1.2500045443175622e-09
2355,23.55,1.2500045443175622e-09
2356,23.56,1.2500045443175622e-09
2357,23.57,1.2500045443175622e-09
2358,23.58,1.2500045443175622e-09
2359,23.59,1.2500045443175622e-09
2360,23.6,1.2500045443175622e-09
2361,23.61,1.2500045443175622e-09
2362,23.62,1.2500045443175622e-09
2363,23.63,1.2500045443175622e-09
2364,23.64,1.2500045443175622e-09
2365,23.65,1.2500045443175622e-09
2366,23.66,1.2500045443175622e-09
2367,23.67,1.2500045443175622e-09
2368,23.68,1.2500045443175622e-09
2369,23.69,1.2500045443175622e-09
2370,23.7,1.2500045443175622e-09
2371,23.71,1.2500045443175622e-09
2372,23.72,1.2500045443175622e-09
2373,23.73,1.2500045443175622e-09
2374,23.74,1.2500045443175622e-09
2375,23.75,1.2500045443175622e-09
2376,23.76,1.2500045443175622e-09
2377,23.77,1.2500045443175622e-09
2378,23.78,1.2500045443175622e-09
2379,23.79,1.2500045443175622e-09
2380,23.8,1.2500045443175622e-09
2381,23.81,1.2500045443175622e-09
2382,23.82,1.2500045443175622e-09
2383,23.83,1.2500045443175622e-09
2384,23.84,1.2500045443175622e-09
2385,23.85,1.2500045443175622e-09
2386,23.86,1.2500045443175622e-09
2387,23.87,1.2500045443175622e-09
2388,23.88,1.2500045443175622e-09
2389,23.89,1.2500045443175622e-09
2390,23.9,1.2500045443175622e-09
2391,23.91,1.2500045443175622e-09
2392,23.92,1.2500045443175622e-09
2393,23.93,1.2500045443175622e-09
2394,23.94,1.2500045443175622e-09
2395,23.95,1.2500045443175622e-09
2396,23.96,1.2500045443175622e-09
2397,23.97,1.2500045443175622e-09
2398,23.98,1.2500045443175622e-09
2399,23.99,1.2500046553398647e-09
2400,24.0,1.2500045443175622e-09
2401,24.01,1.2500045443175622e-09
2402,24.02,1.2500045443175622e-09
2403,24.03,1.2500045443175622e-09
2404,24.04,1.2500045443175622e-09
2405,24.05,1.2500045443175622e-09
2406,24.06,1.2500045443175622e-09
2407,24.07,1.2500045443175622e-09
2408,24.08,1.2500045443175622e-09
2409,24.09,1.2500045443175622e-09
2410,24.1,1.2500045443175622e-09
2411,24.11,1.2500045443175622e-09
2412,24.12,1.2500045443175622e-09
2413,24.13,1.2500045443175622e-09
2414,24.14,1.2500045443175622e-09
2415,24.15,1.2500045443175622e-09
2416,24.16,1.2500045443175622e-09
2417,24.17,1.2500045443175622e-09
2418,24.18,1.2500045443175622e-09
2419,24.19,1.2500045443175622e-09
2420,24.2,1.2500045443175622e-09
2421,24.21,1.2500045443175622e-09
2422,24.22,1.2500045443175622e-09
2423,24.23,1.2500045443175622e-09
2424,24.24,1.2500045443175622e-09
2425,24.25,1.2500045443175622e-09
2426,24.26,1.2500045443175622e-09
2427,24.27,1.2500045443175622e-09
2428,24.28,1.2500045443175622e-09
2429,24.29,1.2500045443175622e-09
2430,24.3,1.2500045443175622e-09
2431,24.31,1.2500045443175622e-09
2432,24.32,1.2500045443175622e-09
2433,24.33,1.2500045443175622e-09
2434,24.34,1.2500045443175622e-09
2435,24.35,1.2500045443175622e-09
2436,24.36,1.2500045443175622e-09
2437,24.37,1.2500045443175622e-09
2438,24.38,1.2500045443175622e-09
2439,24.39,1.2500045443175622e-09
2440,24.4,1.2500045443175622e-09
2441,24.41,1.2500045443175622e-09
2442,24.42,1.2500045443175622e-09
2443,24.43,1.2500045443175622e-09
2444,24.44,1.2500045443175622e-09
2445,24.45,1.2500045443175622e-09
2446,24.46,1.2500045443175622e-09
2447,24.47,1.2500045443175622e-09
2448,24.48,1.2500045443175622e-09
2449,24.49,1.2500045443175622e-09
2450,24.5,1.2500045443175622e-09
2451,24.51,1.2500045443175622e-09
2452,24.52,1.2500045443175622e-09
2453,24.53,1.2500045443175622e-09
2454,24.54,1.2500045443175622e-09
2455,24.55,1.2500045443175622e-09
2456,24.56,1.2500045443175622e-09
2457,24.57,1.2500045443175622e-09
2458,24.58,1.2500045443175622e-09
2459,24.59,1.2500045443175622e-09
2460,24.6,1.2500045443175622e-09
2461,24.61,1.2500045443175622e-09
2462,24.62,1.2500045443175622e-09
2463,24.63,1.2500045443175622e-09
2464,24.64,1.2500045443175622e-09
2465,24.65,1.2500045443175622e-09
2466,24.66,1.2500045443175622e-09
2467,24.67,1.2500045443175622e-09
2468,24.68,1.2500045443175622e-09
2469,24.69,1.2500046553398647e-09
2470,24.7,1.2500045443175622e-09
2471,24.71,1.2500045443175622e-09
2472,24.72,1.2500045443175622e-09
2473,24.73,1.2500045443175622e-09
2474,24.74,1.2500045443175622e-09
2475,24.75,1.2500045443175622e-09
2476,24.76,1.2500045443175622e-09
2477,24.77,1.2500045443175622e-09
2478,24.78,1.2500045443175622e-09
2479,24.79,1.2500045443175622e-09
2480,24.8,1.2500046553398647e-09
2481,24.81,1.2500045443175622e-09
2482,24.82,1.2500045443175622e-09
2483,24.83,1.2500045443175622e-09
2484,24.84,1.2500045443175622e-09
2485,24.85,1.2500045443175622e-09
2486,24.86,1.2500045443175622e-09
2487,24.87,1.2500045443175622e-09
2488,24.88,1.2500045443175622e-09
2489,24.89,1.2500045443175622e-09
2490,24.9,1.2500045443175622e-09
2491,24.91,1.2500045443175622e-09
2492,24.92,1.2500045443175622e-09
2493,24.93,1.2500045443175622e-09
2494,24.94,1.2500045443175622e-09
2495,24.95,1.2500045443175622e-09
2496,24.96,1.2500045443175622e-09
2497,24.97,1.2500045443175622e-09
2498,24.98,1.2500045443175622e-09
2499,24.99,1.2500045443175622e-09
2500,25.0,1.2500045443175622e-09
