,Time,Entropy
0,0.0,2.079837845624918
1,0.01,2.0811803410937095
2,0.02,2.079845058911111
3,0.03,2.0811803410937095
4,0.04,2.079845058911111
5,0.05,2.0811803410937095
6,0.06,2.0805229401034335
7,0.07,2.0811803410937095
8,0.08,2.0805388874937805
9,0.09,2.0811908591914596
10,0.1,2.080538170359196
11,0.11,2.081196581945671
12,0.12,2.080538170359196
13,0.13,2.081196581945671
14,0.14,2.0805349533225073
15,0.15,2.081193291514155
16,0.16,2.080540411268238
17,0.17,2.0811987274192827
18,0.18,2.0805420621755477
19,0.19,2.0812009124308792
20,0.2,2.0805360034723943
21,0.21,2.0812009124308792
22,0.22,2.0805416085655852
23,0.23,2.0823520150251764
24,0.24,2.081746124167738
25,0.25,2.0839810942394683
26,0.26,2.083381823033241
27,0.27,2.0839810942394683
28,0.28,2.083950355562189
29,0.29,2.086964602351677
30,0.3,2.0863842994802595
31,0.31,2.0886073302139834
32,0.32,2.0880414318588962
33,0.33,2.0918614793185664
34,0.34,2.0912885396062073
35,0.35,2.0945381726549677
36,0.36,2.094822990620568
37,0.37,2.096987038216372
38,0.38,2.097631505470858
39,0.39,2.098156854237939
40,0.4,2.097642245192213
41,0.41,2.1014069823720725
42,0.42,2.1036140956702014
43,0.43,2.1073833675489033
44,0.44,2.10867650099022
45,0.45,2.1135910183260855
46,0.46,2.115187044234799
47,0.47,2.1192446199104045
48,0.48,2.1197304220182667
49,0.49,2.1257614356381813
50,0.5,2.1284802202214346
51,0.51,2.129633181881386
52,0.52,2.1317519824614766
53,0.53,2.1328810173032955
54,0.54,2.1377419369983306
55,0.55,2.1372465458951577
56,0.56,2.139354525821343
57,0.57,2.1393540500884667
58,0.58,2.1455248186443083
59,0.59,2.146662478688661
60,0.6,2.1556013265695904
61,0.61,2.1594937248772075
62,0.62,2.1642727135630015
63,0.63,2.165744395199558
64,0.64,2.172554747656034
65,0.65,2.1747006309900447
66,0.66,2.1787800507022093
67,0.67,2.182662817540652
68,0.68,2.1885194752524373
69,0.69,2.1913600902323718
70,0.7,2.1991706077608644
71,0.71,2.2025262203859874
72,0.72,2.205086694473983
73,0.73,2.214443613352741
74,0.74,2.2206299932123397
75,0.75,2.2270522721104458
76,0.76,2.2348696895497713
77,0.77,2.2354502025696523
78,0.78,2.237959483039317
79,0.79,2.2395997257686657
80,0.8,2.241698610860561
81,0.81,2.2482322845034557
82,0.82,2.2506129875413343
83,0.83,2.250175339992879
84,0.84,2.2574979990823447
85,0.85,2.261690534726723
86,0.86,2.270057739542053
87,0.87,2.272280004478806
88,0.88,2.282910763536048
89,0.89,2.288364231548268
90,0.9,2.297461983943287
91,0.91,2.302964700741296
92,0.92,2.314115040540327
93,0.93,2.3224309982263027
94,0.94,2.336368022597202
95,0.95,2.339684260746673
96,0.96,2.349340477259855
97,0.97,2.357096366338144
98,0.98,2.3619623659461007
99,0.99,2.3652127469317628
100,1.0,2.372746192828132
101,1.01,2.385690551123611
102,1.02,2.3946001359354905
103,1.03,2.400111655219922
104,1.04,2.4063448581940143
105,1.05,2.4089820236624506
106,1.06,2.4179346799427344
107,1.07,2.42342049627412
108,1.08,2.4310458707110363
109,1.09,2.4376397964910317
110,1.1,2.449985863364281
111,1.11,2.4575815398786234
112,1.12,2.4614786212483377
113,1.13,2.469168225079028
114,1.14,2.4831376976866797
115,1.15,2.490009531806078
116,1.16,2.497669808196459
117,1.17,2.499036006684728
118,1.18,2.5079535486351263
119,1.19,2.5231486478857326
120,1.2,2.5294206790804057
121,1.21,2.5410975718487276
122,1.22,2.5534409439615677
123,1.23,2.562627025846182
124,1.24,2.5764811720967535
125,1.25,2.5866179828590457
126,1.26,2.5976345629204127
127,1.27,2.602004316813512
128,1.28,2.6182867117490263
129,1.29,2.622199624970619
130,1.3,2.62878330297866
131,1.31,2.6411240641669096
132,1.32,2.655336754004181
133,1.33,2.6679769963356836
134,1.34,2.673980717898534
135,1.35,2.685958245606155
136,1.36,2.69942516698749
137,1.37,2.714849670443987
138,1.38,2.7221183117362706
139,1.39,2.7401153881121405
140,1.4,2.751365689658831
141,1.41,2.7611952797156403
142,1.42,2.770581243431542
143,1.43,2.7848586445963277
144,1.44,2.7989470595335435
145,1.45,2.813873026223628
146,1.46,2.8251045779671196
147,1.47,2.8326671619703254
148,1.48,2.837715111274261
149,1.49,2.8540333524694668
150,1.5,2.8654288509590393
151,1.51,2.877436682284338
152,1.52,2.8914746270660556
153,1.53,2.9000604020017726
154,1.54,2.9088374346151924
155,1.55,2.9257534461669463
156,1.56,2.9447387967874588
157,1.57,2.9555951181198306
158,1.58,2.9822420752867043
159,1.59,2.993109599100023
160,1.6,3.0065716158744387
161,1.61,3.0221220159539004
162,1.62,3.037821019079743
163,1.63,3.05353741175945
164,1.64,3.071211599377368
165,1.65,3.0935829490980002
166,1.66,3.105394993952177
167,1.67,3.1245200332176837
168,1.68,3.142345232231898
169,1.69,3.1615613484571394
170,1.7,3.176260579194201
171,1.71,3.1926577781639915
172,1.72,3.2098166308142813
173,1.73,3.222278142972077
174,1.74,3.233026856142477
175,1.75,3.246436538914443
176,1.76,3.2613133543189496
177,1.77,3.273182057234979
178,1.78,3.2879250448827775
179,1.79,3.3012226694799676
180,1.8,3.327024515862819
181,1.81,3.3407348228603126
182,1.82,3.3614203098070305
183,1.83,3.3741281238089873
184,1.84,3.3845066386270775
185,1.85,3.3979397268212916
186,1.86,3.411463146614961
187,1.87,3.4295267934780624
188,1.88,3.448120059264998
189,1.89,3.4637366089131505
190,1.9,3.474105219790416
191,1.91,3.481570402784493
192,1.92,3.498970454606629
193,1.93,3.508315165775856
194,1.94,3.5230650981436913
195,1.95,3.5423666176171373
196,1.96,3.561147665631691
197,1.97,3.573397103845164
198,1.98,3.5855804786989927
199,1.99,3.6041020487808657
200,2.0,3.6181963568070876
201,2.01,3.6290253338209957
202,2.02,3.6453733309110463
203,2.03,3.670241114970302
204,2.04,3.6836171697434357
205,2.05,3.6972221963817313
206,2.06,3.7198339930467847
207,2.07,3.739822785204018
208,2.08,3.7599942536186353
209,2.09,3.7713816258348873
210,2.1,3.7902829583184188
211,2.11,3.804083750032218
212,2.12,3.823049202529371
213,2.13,3.8374507780227263
214,2.14,3.8549985350156817
215,2.15,3.870445773703271
216,2.16,3.880282694114216
217,2.17,3.9038939901230725
218,2.18,3.9249213007220107
219,2.19,3.9456899856373773
220,2.2,3.961675118566139
221,2.21,3.9779424110078585
222,2.22,3.994410915012068
223,2.23,4.00933450719579
224,2.24,4.022921417496028
225,2.25,4.044075275888546
226,2.26,4.056841847982257
227,2.27,4.069140101582498
228,2.28,4.08677005791845
229,2.29,4.103715925844631
230,2.3,4.115007905265198
231,2.31,4.127341821866325
232,2.32,4.151180283102173
233,2.33,4.163881106943213
234,2.34,4.174659555221481
235,2.35,4.189340378132096
236,2.36,4.206251874540802
237,2.37,4.223056099121034
238,2.38,4.243833587093993
239,2.39,4.264984167804332
240,2.4,4.278264776802634
241,2.41,4.296698644490162
242,2.42,4.316933070295127
243,2.43,4.334098070837078
244,2.44,4.3458945344759305
245,2.45,4.361012271541606
246,2.46,4.378851328442416
247,2.47,4.397863510986271
248,2.48,4.413498417042051
249,2.49,4.4276819207253855
250,2.5,4.440985369829171
251,2.51,4.458474388683201
252,2.52,4.470983162183064
253,2.53,4.491620028871404
254,2.54,4.49924758006232
255,2.55,4.5141982173079755
256,2.56,4.535182019616032
257,2.57,4.5456941197897756
258,2.58,4.563266512996326
259,2.59,4.5730879588323345
260,2.6,4.5873198548025025
261,2.61,4.602714174181575
262,2.62,4.624414084793484
263,2.63,4.641160380479774
264,2.64,4.652269091868072
265,2.65,4.6671950746624695
266,2.66,4.680498183199119
267,2.67,4.69981319455306
268,2.68,4.716679998223133
269,2.69,4.7271751726122675
270,2.7,4.741206830603856
271,2.71,4.75594126205739
272,2.72,4.767650857726567
273,2.73,4.788504464289538
274,2.74,4.801939723953947
275,2.75,4.818327939284045
276,2.76,4.832748108292817
277,2.77,4.845504522774989
278,2.78,4.856056681689891
279,2.79,4.873292401179911
280,2.8,4.880650260334473
281,2.81,4.895972785256691
282,2.82,4.9066078192823745
283,2.83,4.92561686586712
284,2.84,4.948762144154512
285,2.85,4.962569877968856
286,2.86,4.980421134538891
287,2.87,4.994263660842489
288,2.88,5.01324561174567
289,2.89,5.033773873202121
290,2.9,5.045521764079229
291,2.91,5.060496389640116
292,2.92,5.075146752900855
293,2.93,5.087565712900629
294,2.94,5.098266767722501
295,2.95,5.105297826273777
296,2.96,5.118745911344018
297,2.97,5.131246971852053
298,2.98,5.142360688912798
299,2.99,5.158567577135364
300,3.0,5.16780633356121
301,3.01,5.179837353446185
302,3.02,5.189384338635424
303,3.03,5.202796118365962
304,3.04,5.21392978672035
305,3.05,5.230342080151709
306,3.06,5.243895564819434
307,3.07,5.25448661211545
308,3.08,5.26427979473574
309,3.09,5.277968509722816
310,3.1,5.2939561829169355
311,3.11,5.308020040249558
312,3.12,5.31694456589279
313,3.13,5.328492220617866
314,3.14,5.340171578254027
315,3.15,5.353320380673389
316,3.16,5.368874281830396
317,3.17,5.377519266939799
318,3.18,5.3865166395244035
319,3.19,5.397326783997489
320,3.2,5.413160352521613
321,3.21,5.427016726899616
322,3.22,5.43639783165495
323,3.23,5.450198782290141
324,3.24,5.460945162767245
325,3.25,5.4726288427214484
326,3.26,5.488082715072004
327,3.27,5.500076380232893
328,3.28,5.511627849305142
329,3.29,5.522011126438041
330,3.3,5.529227764454538
331,3.31,5.539064921946281
332,3.32,5.544905364460902
333,3.33,5.55930851374362
334,3.34,5.566523395468734
335,3.35,5.576361073715428
336,3.36,5.585745924780659
337,3.37,5.601420039246714
338,3.38,5.612941354642591
339,3.39,5.6223799283711875
340,3.4,5.630819982306633
341,3.41,5.637216912494361
342,3.42,5.64528400390507
343,3.43,5.657051684628103
344,3.44,5.664432117567453
345,3.45,5.675820747148734
346,3.46,5.6837161189923275
347,3.47,5.694000221462027
348,3.48,5.7033229841683655
349,3.49,5.714657796347352
350,3.5,5.717878324107622
351,3.51,5.726258501391802
352,3.52,5.734654638814049
353,3.53,5.744096795227754
354,3.54,5.749148711732806
355,3.55,5.758029401620545
356,3.56,5.767804031879745
357,3.57,5.771402239660986
358,3.58,5.784178083273931
359,3.59,5.792534069595184
360,3.6,5.795720208980272
361,3.61,5.803246856265713
362,3.62,5.809605996254388
363,3.63,5.821019289700577
364,3.64,5.830701004899632
365,3.65,5.834117925109216
366,3.66,5.841450237647123
367,3.67,5.85158132734483
368,3.68,5.859893751224415
369,3.69,5.869080993090137
370,3.7,5.874471439087945
371,3.71,5.878156059894157
372,3.72,5.885734343020529
373,3.73,5.894749974955744
374,3.74,5.902360462674101
375,3.75,5.9074985333217365
376,3.76,5.917852224128326
377,3.77,5.928584788080959
378,3.78,5.936741934691122
379,3.79,5.943002499975107
380,3.8,5.952252339978896
381,3.81,5.960443079532119
382,3.82,5.965478625115858
383,3.83,5.973620092072531
384,3.84,5.983402357929089
385,3.85,5.990652690118689
386,3.86,5.9974285731237575
387,3.87,6.006682776318416
388,3.88,6.011607917944171
389,3.89,6.015475980336713
390,3.9,6.022897011349203
391,3.91,6.029790440709415
392,3.92,6.034927590250295
393,3.93,6.03749276111226
394,3.94,6.042457484535468
395,3.95,6.046607577083253
396,3.96,6.052188348659034
397,3.97,6.05282161355922
398,3.98,6.056912533213164
399,3.99,6.060939947734613
400,4.0,6.06487860569973
401,4.01,6.068492856261812
402,4.02,6.0759854238819075
403,4.03,6.078745630533732
404,4.04,6.085860890435632
405,4.05,6.091755393001791
406,4.06,6.09450939100191
407,4.07,6.100965115193945
408,4.08,6.104554444972975
409,4.09,6.108870135589347
410,4.1,6.113417902160178
411,4.11,6.119771424461664
412,4.12,6.124413045140946
413,4.13,6.132167702096859
414,4.14,6.136906461761533
415,4.15,6.1426248582790395
416,4.16,6.147947524037368
417,4.17,6.155440254841843
418,4.18,6.162145334348411
419,4.19,6.167060886079201
420,4.2,6.175672448784617
421,4.21,6.180026192134593
422,4.22,6.18375208499392
423,4.23,6.188639046370381
424,4.24,6.1921329083770935
425,4.25,6.196160233487607
426,4.26,6.201921046073315
427,4.27,6.206745132450526
428,4.28,6.210629935327076
429,4.29,6.214671589833864
430,4.3,6.219182976698575
431,4.31,6.2232666284028895
432,4.32,6.228269976179681
433,4.33,6.234600566715566
434,4.34,6.241390712800044
435,4.35,6.243590593224199
436,4.36,6.247728298913961
437,4.37,6.251975138099331
438,4.38,6.253859575700704
439,4.39,6.258529042869503
440,4.4,6.259482862861916
441,4.41,6.261919781423497
442,4.42,6.266878075868473
443,4.43,6.270921535446621
444,4.44,6.273190451389107
445,4.45,6.276374727989211
446,4.46,6.282619937251027
447,4.47,6.284928435235011
448,4.48,6.286825825260742
449,4.49,6.2925029561498915
450,4.5,6.297367171660454
451,4.51,6.303032865610287
452,4.52,6.3064730554118364
453,4.53,6.309068412618421
454,4.54,6.3108533522110655
455,4.55,6.317199885767539
456,4.56,6.327067717725187
457,4.57,6.3312915764226325
458,4.58,6.335089560469302
459,4.59,6.339390015213914
460,4.6,6.342814908013974
461,4.61,6.346243040911892
462,4.62,6.3486459828109725
463,4.63,6.353409236031355
464,4.64,6.3561249215623965
465,4.65,6.362693011124613
466,4.66,6.366975150711922
467,4.67,6.37073246101793
468,4.68,6.372897662857337
469,4.69,6.37880713692727
470,4.7,6.381130116627573
471,4.71,6.385411172005012
472,4.72,6.389217395933311
473,4.73,6.39260420919054
474,4.74,6.396756127509594
475,4.75,6.4008183336940325
476,4.76,6.403437265889982
477,4.77,6.410417697272514
478,4.78,6.418576360790433
479,4.79,6.4230207669941475
480,4.8,6.425631242362368
481,4.81,6.429351818387978
482,4.82,6.433367546559159
483,4.83,6.437726343667074
484,4.84,6.44145024269357
485,4.85,6.4476405647568775
486,4.86,6.4535590909566745
487,4.87,6.459205658849706
488,4.88,6.465005409970985
489,4.89,6.471868054889556
490,4.9,6.474578766227502
491,4.91,6.476961285234963
492,4.92,6.482196182857595
493,4.93,6.485638136922466
494,4.94,6.489059264569233
495,4.95,6.495539576155648
496,4.96,6.501289505381716
497,4.97,6.5077385478085805
498,4.98,6.509977477550616
499,4.99,6.515389602168827
500,5.0,6.520468529088644
501,5.01,6.524101891105194
502,5.02,6.527415257706465
503,5.03,6.530617435147532
504,5.04,6.533779880598804
505,5.05,6.536769802682363
506,5.06,6.537494163947724
507,5.07,6.5414883255364
508,5.08,6.547095566673172
509,5.09,6.551149102542159
510,5.1,6.554451569018714
511,5.11,6.5560241418772405
512,5.12,6.5642606949641005
513,5.13,6.568451246718965
514,5.14,6.57279168392404
515,5.15,6.574828629696909
516,5.16,6.576944932122339
517,5.17,6.581832484569962
518,5.18,6.584313164087295
519,5.19,6.589814746027112
520,5.2,6.595392602977037
521,5.21,6.600552869188008
522,5.22,6.604695588486686
523,5.23,6.60951385935804
524,5.24,6.611189543207493
525,5.25,6.616795708610408
526,5.26,6.623603795314125
527,5.27,6.6255824149791565
528,5.28,6.628638073368115
529,5.29,6.633381248011719
530,5.3,6.63909202977654
531,5.31,6.640916437993982
532,5.32,6.643547150174149
533,5.33,6.644723340711229
534,5.34,6.645857047676989
535,5.35,6.649290260331439
536,5.36,6.650523376454691
537,5.37,6.655161626236523
538,5.38,6.657472928413976
539,5.39,6.6629991808015925
540,5.4,6.665838204860729
541,5.41,6.669871082964606
542,5.42,6.674145007490776
543,5.43,6.68010122273294
544,5.44,6.683293234461054
545,5.45,6.685636967505713
546,5.46,6.6904749873937055
547,5.47,6.694700510870561
548,5.48,6.698041827355408
549,5.49,6.703899553133061
550,5.5,6.708737035916669
551,5.51,6.711828648769498
552,5.52,6.714375421520854
553,5.53,6.719199269327814
554,5.54,6.724040949426053
555,5.55,6.727385547984939
556,5.56,6.73463349095841
557,5.57,6.738252284416285
558,5.58,6.743775302413163
559,5.59,6.7468193142601445
560,5.6,6.752569573597897
561,5.61,6.755266242613769
562,5.62,6.7599520292221005
563,5.63,6.76446855173987
564,5.64,6.773211463549841
565,5.65,6.776838867194524
566,5.66,6.783092517422724
567,5.67,6.787770275592133
568,5.68,6.790699328657985
569,5.69,6.793338185538627
570,5.7,6.79833000323483
571,5.71,6.803062556403943
572,5.72,6.8076022208709155
573,5.73,6.8117075193716685
574,5.74,6.815988278967365
575,5.75,6.824214903112013
576,5.76,6.828176509571234
577,5.77,6.830027838240103
578,5.78,6.833551800184549
579,5.79,6.839366532244662
580,5.8,6.842729243078259
581,5.81,6.848707444181438
582,5.82,6.854896987308436
583,5.83,6.8574026776005885
584,5.84,6.860666431874013
585,5.85,6.866697679788115
586,5.86,6.869987039126065
587,5.87,6.873821995657063
588,5.88,6.880794566248112
589,5.89,6.885160494876952
590,5.9,6.892285987168964
591,5.91,6.894336687542547
592,5.92,6.899641716268525
593,5.93,6.904834034765101
594,5.94,6.911117739641725
595,5.95,6.916283374340554
596,5.96,6.920355394983189
597,5.97,6.925436929047072
598,5.98,6.929753595359649
599,5.99,6.934854450475367
600,6.0,6.938869300502245
601,6.01,6.94099543522938
602,6.02,6.947453955536744
603,6.03,6.953724001265401
604,6.04,6.957776948535061
605,6.05,6.960773335094605
606,6.06,6.9652898749404075
607,6.07,6.9679131514345904
608,6.08,6.970686876735126
609,6.09,6.975830586412627
610,6.1,6.9827952457591
611,6.11,6.985791525394883
612,6.12,6.9888548186817
613,6.13,6.996425294231332
614,6.14,6.998561970175782
615,6.15,7.002859846013176
616,6.16,7.008390402755397
617,6.17,7.011438662175482
618,6.18,7.015066810291609
619,6.19,7.019815890071476
620,6.2,7.02473922210819
621,6.21,7.028974737054112
622,6.22,7.032003213339101
623,6.23,7.036132354552765
624,6.24,7.037517725096799
625,6.25,7.040529851642744
626,6.26,7.044016108706746
627,6.27,7.04815156985318
628,6.28,7.051211586688263
629,6.29,7.053982833713339
630,6.3,7.0560072387649475
631,6.31,7.059150551764132
632,6.32,7.062135319750551
633,6.33,7.064994288352798
634,6.34,7.069855816628052
635,6.35,7.076770329468438
636,6.36,7.079391468506952
637,6.37,7.0845982000729
638,6.38,7.087652650675678
639,6.39,7.090143224273085
640,6.4,7.09567572304377
641,6.41,7.095116375026021
642,6.42,7.099156858986453
643,6.43,7.10100399728931
644,6.44,7.105189006513848
645,6.45,7.107395072235286
646,6.46,7.111948695489022
647,6.47,7.116113195539971
648,6.48,7.119184925088868
649,6.49,7.121627789063264
650,6.5,7.12680067892763
651,6.51,7.129047294258188
652,6.52,7.131194922325918
653,6.53,7.134180968425916
654,6.54,7.138102979354148
655,6.55,7.140477350602474
656,6.56,7.1438240847524614
657,6.57,7.145583981671079
658,6.58,7.1491358060140415
659,6.59,7.152239812655049
660,6.6,7.156255575161365
661,6.61,7.1606080801606575
662,6.62,7.166202641190617
663,6.63,7.170721460431129
664,6.64,7.1750366914872545
665,6.65,7.177387445470903
666,6.66,7.180110207506243
667,6.67,7.182061247687934
668,6.68,7.183760544682276
669,6.69,7.186093106697225
670,6.7,7.187741828015544
671,6.71,7.1894524511855415
672,6.72,7.193064480414608
673,6.73,7.19797818145118
674,6.74,7.200157009243385
675,6.75,7.202191833504003
676,6.76,7.2041357806848865
677,6.77,7.205590123215613
678,6.78,7.207865278760623
679,6.79,7.21339114566761
680,6.8,7.215791213806091
681,6.81,7.220071488448607
682,6.82,7.225643245114388
683,6.83,7.228082110246377
684,6.84,7.2294493115491845
685,6.85,7.230059020037623
686,6.86,7.232996610257729
687,6.87,7.2372495131135395
688,6.88,7.237960515189972
689,6.89,7.240584499007128
690,6.9,7.243216176242331
691,6.91,7.247396996934348
692,6.92,7.250726133582578
693,6.93,7.254001466694872
694,6.94,7.2566869902265365
695,6.95,7.259826684681176
696,6.96,7.264531373653416
697,6.97,7.268199354592019
698,6.98,7.2703789786954225
699,6.99,7.273257275304434
700,7.0,7.27474296085375
701,7.01,7.278007788951104
702,7.02,7.279564330274146
703,7.03,7.281455645310703
704,7.04,7.284231189483385
705,7.05,7.287606728959409
706,7.06,7.291631544604117
707,7.07,7.295095867807311
708,7.08,7.295876872155113
709,7.09,7.297426558904067
710,7.1,7.301943637205035
711,7.11,7.3043277169814935
712,7.12,7.307556226719097
713,7.13,7.309401434029052
714,7.14,7.3116206846886405
715,7.15,7.314522203137684
716,7.16,7.318071770800944
717,7.17,7.318008152923206
718,7.18,7.320407686811973
719,7.19,7.324286055068643
720,7.2,7.327141273688268
721,7.21,7.3283069252234885
722,7.22,7.32993342058412
723,7.23,7.333300077723932
724,7.24,7.336919505558078
725,7.25,7.341513135477731
726,7.26,7.34461745179173
727,7.27,7.344828050407786
728,7.28,7.347208141379851
729,7.29,7.349067477603555
730,7.3,7.350820929854377
731,7.31,7.352498587670052
732,7.32,7.354389680833091
733,7.33,7.355394574721052
734,7.34,7.355510675822485
735,7.35,7.3569737019749155
736,7.36,7.359557715640195
737,7.37,7.362816702090603
738,7.38,7.365063392169348
739,7.39,7.366910979680416
740,7.4,7.370167903668043
741,7.41,7.373106176892711
742,7.42,7.376537942372887
743,7.43,7.377566860404231
744,7.44,7.379302406211334
745,7.45,7.380602549505366
746,7.46,7.383216185258294
747,7.47,7.385432120102257
748,7.48,7.386564167812714
749,7.49,7.3867358168207184
750,7.5,7.3875416940535565
751,7.51,7.39005708388654
752,7.52,7.390545533647057
753,7.53,7.39282857174214
754,7.54,7.394305695944474
755,7.55,7.394496529753578
756,7.56,7.395691395476925
757,7.57,7.397204441599575
758,7.58,7.3982420943376965
759,7.59,7.399748768572905
760,7.6,7.401084084741287
761,7.61,7.401791469586644
762,7.62,7.403955724516882
763,7.63,7.407002556749968
764,7.64,7.407713205701697
765,7.65,7.4089470980563
766,7.66,7.41172698242967
767,7.67,7.416976234738093
768,7.68,7.420771151742245
769,7.69,7.42428515050817
770,7.7,7.426276839513534
771,7.71,7.427966209156702
772,7.72,7.429178724560694
773,7.73,7.429516789040674
774,7.74,7.432292366389506
775,7.75,7.43363854031399
776,7.76,7.436419917103963
777,7.77,7.437868337472613
778,7.78,7.44054749671334
779,7.79,7.442046708069721
780,7.8,7.442040265949372
781,7.81,7.442649901811475
782,7.82,7.443735078280205
783,7.83,7.444247883453384
784,7.84,7.445506796126285
785,7.85,7.4464455418263285
786,7.86,7.449605961923282
787,7.87,7.452005296537271
788,7.88,7.453488418994667
789,7.89,7.454451648137451
790,7.9,7.457684538234979
791,7.91,7.4620427752749405
792,7.92,7.462957630613673
793,7.93,7.46406366850584
794,7.94,7.463703344128519
795,7.95,7.4673646100408435
796,7.96,7.469477233658277
797,7.97,7.473783383677745
798,7.98,7.473867589218895
799,7.99,7.475121511003977
800,8.0,7.4766447815191155
801,8.01,7.476424153175344
802,8.02,7.47779408427395
803,8.03,7.4783367811001975
804,8.04,7.480464577492802
805,8.05,7.4830570613869245
806,8.06,7.483649721054194
807,8.07,7.483865961126183
808,8.08,7.485968616636182
809,8.09,7.488733260516587
810,8.1,7.49130793819303
811,8.11,7.491870583542258
812,8.12,7.494703533404403
813,8.13,7.495190427629982
814,8.14,7.497205952880932
815,8.15,7.498562465512357
816,8.16,7.499930085916647
817,8.17,7.501244966157244
818,8.18,7.5030136704732815
819,8.19,7.505313174862931
820,8.2,7.506777786283455
821,8.21,7.50901997908905
822,8.22,7.511679808917252
823,8.23,7.512243558586278
824,8.24,7.513096175329669
825,8.25,7.513503214849261
826,8.26,7.514528628448166
827,8.27,7.516221684938632
828,8.28,7.5176190309071105
829,8.29,7.51806015888558
830,8.3,7.5190041744823155
831,8.31,7.519530070263354
832,8.32,7.521601710041891
833,8.33,7.522319647671032
834,8.34,7.52466924002558
835,8.35,7.524192992020415
836,8.36,7.5247013482422895
837,8.37,7.52399367680023
838,8.38,7.52482580152264
839,8.39,7.5267687974186375
840,8.4,7.527258242417823
841,8.41,7.528919394012351
842,8.42,7.5307368433663
843,8.43,7.53168716816974
844,8.44,7.535122587833232
845,8.45,7.5364863820303025
846,8.46,7.538132989395359
847,8.47,7.53910108535262
848,8.48,7.540162011949231
849,8.49,7.540912646359258
850,8.5,7.541716971992882
851,8.51,7.544242631220368
852,8.52,7.545903687364051
853,8.53,7.547727636948693
854,8.54,7.548434365762446
855,8.55,7.548768843834486
856,8.56,7.549251384333872
857,8.57,7.549699853515058
858,8.58,7.550496383522142
859,8.59,7.551256575558682
860,8.6,7.552383932690629
861,8.61,7.552732135136836
862,8.62,7.554583218027803
863,8.63,7.556125969062178
864,8.64,7.559119354232723
865,8.65,7.560469357433306
866,8.66,7.563403568123178
867,8.67,7.564111641915903
868,8.68,7.563421875315257
869,8.69,7.5637449120650775
870,8.7,7.565192570732295
871,8.71,7.565071357643169
872,8.72,7.566405290742387
873,8.73,7.567124079425634
874,8.74,7.568033057216344
875,8.75,7.5686201531925
876,8.76,7.572444716757451
877,8.77,7.572907665246655
878,8.78,7.5731250879600305
879,8.79,7.573591061905848
880,8.8,7.575410542461197
881,8.81,7.577568153312896
882,8.82,7.578361870503306
883,8.83,7.5799890333587365
884,8.84,7.579132571489718
885,8.85,7.580956517648505
886,8.86,7.5819544754534585
887,8.87,7.5830426550058
888,8.88,7.584227274469977
889,8.89,7.586310537951902
890,8.9,7.588677806231248
891,8.91,7.589128703406088
892,8.92,7.590074679891254
893,8.93,7.592011213919551
894,8.94,7.593326119709303
895,8.95,7.594940051091605
896,8.96,7.596165338447406
897,8.97,7.59719893916764
898,8.98,7.597447081049656
899,8.99,7.599792340340416
900,9.0,7.601317202930773
901,9.01,7.602276489375037
902,9.02,7.602065548223455
903,9.03,7.601937675423423
904,9.04,7.603944681560314
905,9.05,7.605071398603437
906,9.06,7.60539252627303
907,9.07,7.606149169355512
908,9.08,7.608552227831169
909,9.09,7.60853825298875
910,9.1,7.610066167546682
911,9.11,7.6106149127278995
912,9.12,7.611112454938038
913,9.13,7.611962777626899
914,9.14,7.613779609426866
915,9.15,7.615208831826799
916,9.16,7.617078880425218
917,9.17,7.6178001637947546
918,9.18,7.618989928380114
919,9.19,7.620963672287971
920,9.2,7.622658544597795
921,9.21,7.624472378507156
922,9.22,7.625161941340758
923,9.23,7.627078640263177
924,9.24,7.627383029920774
925,9.25,7.629074150519013
926,9.26,7.6287150757024635
927,9.27,7.629964144862733
928,9.28,7.630661356464474
929,9.29,7.630616527709745
930,9.3,7.630823795872123
931,9.31,7.630900215605584
932,9.32,7.632856885696824
933,9.33,7.633302664874133
934,9.34,7.633387640869994
935,9.35,7.634117924803426
936,9.36,7.635102907272258
937,9.37,7.635495235052381
938,9.38,7.637479057519205
939,9.39,7.637678146212008
940,9.4,7.638431274427713
941,9.41,7.639793130391599
942,9.42,7.639510335813534
943,9.43,7.641175728847069
944,9.44,7.64259191398911
945,9.45,7.6436710198579
946,9.46,7.644679965106158
947,9.47,7.645749441942187
948,9.48,7.646812761303606
949,9.49,7.648852653416418
950,9.5,7.6496764069668
951,9.51,7.650869779164838
952,9.52,7.651343825408395
953,9.53,7.6527642057508745
954,9.54,7.653986867739346
955,9.55,7.655444533377515
956,9.56,7.656055573218768
957,9.57,7.6568488683087494
958,9.58,7.656512370608985
959,9.59,7.657345878655812
960,9.6,7.656469675308397
961,9.61,7.657294203741872
962,9.62,7.65923360233087
963,9.63,7.65934091226421
964,9.64,7.662222969727681
965,9.65,7.662612222366183
966,9.66,7.661818461535933
967,9.67,7.663346266931687
968,9.68,7.663763498478666
969,9.69,7.663849008235747
970,9.7,7.66625642874315
971,9.71,7.666827980010101
972,9.72,7.6689567601422075
973,9.73,7.669082913477579
974,9.74,7.6695914091637825
975,9.75,7.671493688317624
976,9.76,7.672111318977032
977,9.77,7.674582229537387
978,9.78,7.6753599193678905
979,9.79,7.675872663330201
980,9.8,7.6768292002582035
981,9.81,7.678051711332111
982,9.82,7.678249573633286
983,9.83,7.678162755523558
984,9.84,7.67908131448385
985,9.85,7.679866920456982
986,9.86,7.680966312438353
987,9.87,7.681754252517929
988,9.88,7.682894359021264
989,9.89,7.683852596561672
990,9.9,7.6840234412334665
991,9.91,7.684615593041283
992,9.92,7.687186346985106
993,9.93,7.68756576345805
994,9.94,7.689316564550498
995,9.95,7.689446390387875
996,9.96,7.689381512261909
997,9.97,7.689572664714023
998,9.98,7.690458944217054
999,9.99,7.691549523231896
1000,10.0,7.691305167657122
1001,10.01,7.6896846592461445
1002,10.02,7.690665835877647
1003,10.03,7.69193724086096
1004,10.04,7.693268952056927
1005,10.05,7.695128611964047
1006,10.06,7.6944351578846994
1007,10.07,7.695128834967111
1008,10.08,7.695853518828034
1009,10.09,7.695462911125131
1010,10.1,7.697301380194612
1011,10.11,7.697359770682219
1012,10.12,7.697969035567341
1013,10.13,7.698888175354158
1014,10.14,7.700251023138981
1015,10.15,7.700410733828827
1016,10.16,7.701758899940412
1017,10.17,7.7015774943114215
1018,10.18,7.702744783364214
1019,10.19,7.70343539221912
1020,10.2,7.7058122511633025
1021,10.21,7.707031263356534
1022,10.22,7.707872064760624
1023,10.23,7.708778862052711
1024,10.24,7.7095213200874255
1025,10.25,7.710983799275807
1026,10.26,7.7118547041181
1027,10.27,7.714060882677576
1028,10.28,7.7146175230478224
1029,10.29,7.715006984070115
1030,10.3,7.716342831214954
1031,10.31,7.716333285302861
1032,10.32,7.7165428713375555
1033,10.33,7.717152676746399
1034,10.34,7.717627057275514
1035,10.35,7.720258881080854
1036,10.36,7.72199743797499
1037,10.37,7.721940037756764
1038,10.38,7.7225870899583455
1039,10.39,7.722643637242922
1040,10.4,7.72591924900601
1041,10.41,7.72639243039511
1042,10.42,7.728060132578241
1043,10.43,7.728974844799366
1044,10.44,7.730336957986684
1045,10.45,7.732354556313024
1046,10.46,7.733905184029604
1047,10.47,7.735988148375843
1048,10.48,7.7362699584530805
1049,10.49,7.735192375929872
1050,10.5,7.735157907752442
1051,10.51,7.735932761816356
1052,10.52,7.736211752605822
1053,10.53,7.736820097582619
1054,10.54,7.737575013434656
1055,10.55,7.738245490310973
1056,10.56,7.738317696662177
1057,10.57,7.7384833557474595
1058,10.58,7.738979798493597
1059,10.59,7.740014452360535
1060,10.6,7.74155329735321
1061,10.61,7.743362415810618
1062,10.62,7.7423656270981525
1063,10.63,7.742414178912609
1064,10.64,7.743274235161531
1065,10.65,7.743876492714451
1066,10.66,7.744561614359196
1067,10.67,7.746537924652346
1068,10.68,7.747697996646739
1069,10.69,7.7492802474082945
1070,10.7,7.748822898977179
1071,10.71,7.7494746028199835
1072,10.72,7.75091956700026
1073,10.73,7.7514550335996
1074,10.74,7.75283795312043
1075,10.75,7.7528514566119195
1076,10.76,7.753835803613422
1077,10.77,7.754285185991013
1078,10.78,7.754005387871616
1079,10.79,7.754910628322355
1080,10.8,7.756786981012012
1081,10.81,7.757845496369714
1082,10.82,7.758347266063204
1083,10.83,7.758954959898962
1084,10.84,7.760402999257891
1085,10.85,7.760290389081836
1086,10.86,7.761006981841353
1087,10.87,7.7623669772301875
1088,10.88,7.763585201160321
1089,10.89,7.762759527416653
1090,10.9,7.762397424811243
1091,10.91,7.761161271493716
1092,10.92,7.761424919284667
1093,10.93,7.762333236787496
1094,10.94,7.763396318208902
1095,10.95,7.764648682161916
1096,10.96,7.765496617548132
1097,10.97,7.766182530069227
1098,10.98,7.766865742525058
1099,10.99,7.766529697080702
1100,11.0,7.768515595009163
1101,11.01,7.769275528878155
1102,11.02,7.768991631378964
1103,11.03,7.7694331978209314
1104,11.04,7.770304288917843
1105,11.05,7.770504054100081
1106,11.06,7.7701606426848535
1107,11.07,7.7719061095179915
1108,11.08,7.771983191865478
1109,11.09,7.772294750572478
1110,11.1,7.773730172947702
1111,11.11,7.773953527666365
1112,11.12,7.7738869359839935
1113,11.13,7.774704365524429
1114,11.14,7.775201084819705
1115,11.15,7.776414479866677
1116,11.16,7.777675473243498
1117,11.17,7.779011050820466
1118,11.18,7.778886602477716
1119,11.19,7.778939561538666
1120,11.2,7.779228652640265
1121,11.21,7.778772543147866
1122,11.22,7.7801761628098784
1123,11.23,7.780204485039737
1124,11.24,7.780781331582547
1125,11.25,7.7809424625167605
1126,11.26,7.781355916423292
1127,11.27,7.783852240260631
1128,11.28,7.78352964935528
1129,11.29,7.783273383758457
1130,11.3,7.78405502549
1131,11.31,7.784853373050377
1132,11.32,7.784866052659684
1133,11.33,7.784931517706699
1134,11.34,7.785589680752105
1135,11.35,7.786859746342413
1136,11.36,7.7870967484657685
1137,11.37,7.787552952433675
1138,11.38,7.789363263036226
1139,11.39,7.790369837926511
1140,11.4,7.792267793791188
1141,11.41,7.7917296035111185
1142,11.42,7.791967781260631
1143,11.43,7.792860636815444
1144,11.44,7.79223234992666
1145,11.45,7.7920958078289235
1146,11.46,7.7925266032090015
1147,11.47,7.792391497688652
1148,11.48,7.791380985663621
1149,11.49,7.792151681441394
1150,11.5,7.793976607126032
1151,11.51,7.793659891872066
1152,11.52,7.792913195468558
1153,11.53,7.793661516011022
1154,11.54,7.793077868859764
1155,11.55,7.792581971546618
1156,11.56,7.793417136438925
1157,11.57,7.794023853697437
1158,11.58,7.79294893843616
1159,11.59,7.793130055901253
1160,11.6,7.793509611265532
1161,11.61,7.794215740458789
1162,11.62,7.795929588053222
1163,11.63,7.796407796328658
1164,11.64,7.797251693089509
1165,11.65,7.797150599037695
1166,11.66,7.797810396873581
1167,11.67,7.797937042196407
1168,11.68,7.7975866251895205
1169,11.69,7.7988745739071685
1170,11.7,7.798585372741898
1171,11.71,7.798948197409809
1172,11.72,7.799917365308726
1173,11.73,7.800962101773537
1174,11.74,7.8012754900880905
1175,11.75,7.801750178535353
1176,11.76,7.803903097292274
1177,11.77,7.804116638024804
1178,11.78,7.8021476672473105
1179,11.79,7.802935141584992
1180,11.8,7.804735078809513
1181,11.81,7.804180999177925
1182,11.82,7.804485256631961
1183,11.83,7.804047328235999
1184,11.84,7.80454563054637
1185,11.85,7.8050389776707645
1186,11.86,7.805331045877983
1187,11.87,7.8055734052227645
1188,11.88,7.80594362608014
1189,11.89,7.806393223308243
1190,11.9,7.805774094128817
1191,11.91,7.806379231989979
1192,11.92,7.808545348907725
1193,11.93,7.8085968898078955
1194,11.94,7.808190807292775
1195,11.95,7.807260849579727
1196,11.96,7.807848209982827
1197,11.97,7.808070155109336
1198,11.98,7.807641725420189
1199,11.99,7.808080231128619
1200,12.0,7.809300178471396
1201,12.01,7.810647797184664
1202,12.02,7.811131309782565
1203,12.03,7.809545797121807
1204,12.04,7.810489680883591
1205,12.05,7.810986550458256
1206,12.06,7.811215111917854
1207,12.07,7.812093705707086
1208,12.08,7.81254532852689
1209,12.09,7.813882965589853
1210,12.1,7.814067387565901
1211,12.11,7.814120422653185
1212,12.12,7.81383828683683
1213,12.13,7.812619679876176
1214,12.14,7.813449481065389
1215,12.15,7.8136836369472995
1216,12.16,7.81281207687979
1217,12.17,7.812160609808694
1218,12.18,7.813019449757943
1219,12.19,7.813631720968217
1220,12.2,7.813335970978124
1221,12.21,7.813924608759589
1222,12.22,7.8145483653878935
1223,12.23,7.815355488909539
1224,12.24,7.816379178897009
1225,12.25,7.8174646488917094
1226,12.26,7.816897401055044
1227,12.27,7.817308781509606
1228,12.28,7.817803256744178
1229,12.29,7.818246601824286
1230,12.3,7.8187541757183805
1231,12.31,7.818046662448996
1232,12.32,7.816607484884577
1233,12.33,7.8172940220634555
1234,12.34,7.8172463254432945
1235,12.35,7.817088407618836
1236,12.36,7.817794121658151
1237,12.37,7.81844575715941
1238,12.38,7.819645695761806
1239,12.39,7.819622055479775
1240,12.4,7.819433674120027
1241,12.41,7.819526507666082
1242,12.42,7.819344597583349
1243,12.43,7.819581633691877
1244,12.44,7.821734554112433
1245,12.45,7.8237315063282935
1246,12.46,7.824486171538954
1247,12.47,7.824412917360567
1248,12.48,7.825410610442796
1249,12.49,7.825233988181837
1250,12.5,7.824645515846222
1251,12.51,7.8248876850009035
1252,12.52,7.825077969534116
1253,12.53,7.825859294880284
1254,12.54,7.826097996847151
1255,12.55,7.825211190771684
1256,12.56,7.825944912355704
1257,12.57,7.825622835813327
1258,12.58,7.8256579254392395
1259,12.59,7.825806858977722
1260,12.6,7.8260136482694165
1261,12.61,7.8262564482759585
1262,12.62,7.825615248106795
1263,12.63,7.826991352348371
1264,12.64,7.828397281821897
1265,12.65,7.828404380573107
1266,12.66,7.8279309049459505
1267,12.67,7.827622874566884
1268,12.68,7.827365433457657
1269,12.69,7.828279165308387
1270,12.7,7.8283440315584265
1271,12.71,7.82885750651475
1272,12.72,7.829483684916803
1273,12.73,7.829628283838481
1274,12.74,7.829824220691837
1275,12.75,7.829854249176302
1276,12.76,7.829283620593829
1277,12.77,7.829943153413415
1278,12.78,7.830857574350131
1279,12.79,7.8309915826456
1280,12.8,7.831144142233417
1281,12.81,7.830894451287401
1282,12.82,7.830786985485606
1283,12.83,7.831253009802405
1284,12.84,7.831666210822022
1285,12.85,7.832567795098534
1286,12.86,7.832820547138946
1287,12.87,7.835498326401843
1288,12.88,7.8364225380566985
1289,12.89,7.837229321869939
1290,12.9,7.836450692262604
1291,12.91,7.837380759657128
1292,12.92,7.838198455323096
1293,12.93,7.838595209659507
1294,12.94,7.8385087863120635
1295,12.95,7.839055499547725
1296,12.96,7.839909661626625
1297,12.97,7.839961131994686
1298,12.98,7.840667345235598
1299,12.99,7.840236442071081
1300,13.0,7.840047047399818
1301,13.01,7.840762969966021
1302,13.02,7.840439526322118
1303,13.03,7.840813813039584
1304,13.04,7.840584176768675
1305,13.05,7.841474321040757
1306,13.06,7.841744883856681
1307,13.07,7.841514814951684
1308,13.08,7.841461048601771
1309,13.09,7.843169180422292
1310,13.1,7.8441655025244215
1311,13.11,7.843736673529352
1312,13.12,7.842690159458189
1313,13.13,7.843291037393033
1314,13.14,7.843073170172107
1315,13.15,7.843609592021739
1316,13.16,7.843518900340864
1317,13.17,7.844744556017047
1318,13.18,7.846081192926308
1319,13.19,7.846525928067943
1320,13.2,7.847039196142098
1321,13.21,7.846825497994836
1322,13.22,7.846540449026753
1323,13.23,7.846557097915895
1324,13.24,7.847554024137633
1325,13.25,7.847926790598408
1326,13.26,7.847987160283491
1327,13.27,7.8473809083821795
1328,13.28,7.846340541384665
1329,13.29,7.846872249496796
1330,13.3,7.846828521239606
1331,13.31,7.84702859128633
1332,13.32,7.847539236506877
1333,13.33,7.848015871813693
1334,13.34,7.848952919701895
1335,13.35,7.849573775460305
1336,13.36,7.850020438851444
1337,13.37,7.851006610942559
1338,13.38,7.852650896122022
1339,13.39,7.852820638853647
1340,13.4,7.852692143175073
1341,13.41,7.852589282891886
1342,13.42,7.85354656734202
1343,13.43,7.854059863881005
1344,13.44,7.853868629141986
1345,13.45,7.854182564953177
1346,13.46,7.855528673013879
1347,13.47,7.855781065790821
1348,13.48,7.856801957931067
1349,13.49,7.857430436150683
1350,13.5,7.8578182427333685
1351,13.51,7.85771388934417
1352,13.52,7.858097506433365
1353,13.53,7.858347520253671
1354,13.54,7.858167511097907
1355,13.55,7.858332866140075
1356,13.56,7.858975795692876
1357,13.57,7.859067117868161
1358,13.58,7.858411534449943
1359,13.59,7.859151957987347
1360,13.6,7.857946053647836
1361,13.61,7.857822139394033
1362,13.62,7.858750133103588
1363,13.63,7.858588269093043
1364,13.64,7.858408057158644
1365,13.65,7.859337067767415
1366,13.66,7.859604698947991
1367,13.67,7.859364284871129
1368,13.68,7.8588373681136385
1369,13.69,7.8595992370607135
1370,13.7,7.859576011713028
1371,13.71,7.860256755661194
1372,13.72,7.86076869992293
1373,13.73,7.8609396076419165
1374,13.74,7.861072603552432
1375,13.75,7.861567669749406
1376,13.76,7.862856712410174
1377,13.77,7.863358355340251
1378,13.78,7.863734148485161
1379,13.79,7.863758412540452
1380,13.8,7.864491874151751
1381,13.81,7.86449199163023
1382,13.82,7.863590132195263
1383,13.83,7.863230112995059
1384,13.84,7.863428776530886
1385,13.85,7.863188804549276
1386,13.86,7.862941181013636
1387,13.87,7.862255828390579
1388,13.88,7.862520059869376
1389,13.89,7.862522535417666
1390,13.9,7.862033863678903
1391,13.91,7.862343304853743
1392,13.92,7.862671333629993
1393,13.93,7.86200437220148
1394,13.94,7.861994655708502
1395,13.95,7.862430666264127
1396,13.96,7.86272147173782
1397,13.97,7.862304369031245
1398,13.98,7.862129519925789
1399,13.99,7.861555944692336
1400,14.0,7.861617285075166
1401,14.01,7.861498592331209
1402,14.02,7.861257595656599
1403,14.03,7.860693830621609
1404,14.04,7.860828291226345
1405,14.05,7.861135941639702
1406,14.06,7.860830244572131
1407,14.07,7.860562629576623
1408,14.08,7.860949729014764
1409,14.09,7.861206958293672
1410,14.1,7.860883123227262
1411,14.11,7.861509071916355
1412,14.12,7.861874291268303
1413,14.13,7.862471874216817
1414,14.14,7.862966120658818
1415,14.15,7.863043548920185
1416,14.16,7.863227820899576
1417,14.17,7.862875871933299
1418,14.18,7.864087927998011
1419,14.19,7.865212230132805
1420,14.2,7.865127557721578
1421,14.21,7.865263087439042
1422,14.22,7.8661436927100485
1423,14.23,7.866706129551085
1424,14.24,7.866601705211871
1425,14.25,7.8669184226097935
1426,14.26,7.865831432253792
1427,14.27,7.866631875078116
1428,14.28,7.867274101679351
1429,14.29,7.866698435865184
1430,14.3,7.866152725539807
1431,14.31,7.866473159881661
1432,14.32,7.866395516876567
1433,14.33,7.866557037566748
1434,14.34,7.86840085020248
1435,14.35,7.86868545628254
1436,14.36,7.869275077791211
1437,14.37,7.869253732566886
1438,14.38,7.869417623560298
1439,14.39,7.868495773454051
1440,14.4,7.869064618851995
1441,14.41,7.868828777504849
1442,14.42,7.868900501940107
1443,14.43,7.8687972766866565
1444,14.44,7.869316122553657
1445,14.45,7.868452656184219
1446,14.46,7.868775207568057
1447,14.47,7.869485134671637
1448,14.48,7.869798102474856
1449,14.49,7.870119367869819
1450,14.5,7.869308921868747
1451,14.51,7.868733771086824
1452,14.52,7.8690325268277785
1453,14.53,7.868825767223024
1454,14.54,7.869354052650862
1455,14.55,7.869179129437875
1456,14.56,7.869456260569955
1457,14.57,7.869367547421016
1458,14.58,7.869865867619396
1459,14.59,7.869715256817328
1460,14.6,7.87053613190797
1461,14.61,7.870398664093245
1462,14.62,7.870405198215053
1463,14.63,7.869946602534151
1464,14.64,7.87024462891823
1465,14.65,7.870504988118339
1466,14.66,7.870189738213746
1467,14.67,7.870805351552837
1468,14.68,7.870614026996474
1469,14.69,7.870200993077913
1470,14.7,7.870727386311089
1471,14.71,7.870711290657425
1472,14.72,7.8715824603015605
1473,14.73,7.871350492726681
1474,14.74,7.871502584693048
1475,14.75,7.871716790493421
1476,14.76,7.872727376183014
1477,14.77,7.872753645987889
1478,14.78,7.873419288616643
1479,14.79,7.872979506509198
1480,14.8,7.8732477591272705
1481,14.81,7.871237875035808
1482,14.82,7.871361859810619
1483,14.83,7.872379016611511
1484,14.84,7.873295824509645
1485,14.85,7.873330277910725
1486,14.86,7.8729685164581005
1487,14.87,7.87200082248459
1488,14.88,7.872972909007562
1489,14.89,7.872754885724005
1490,14.9,7.872270128314889
1491,14.91,7.872938962373499
1492,14.92,7.873422426993911
1493,14.93,7.873750455131562
1494,14.94,7.873997767339001
1495,14.95,7.873806141333269
1496,14.96,7.8730679054310855
1497,14.97,7.872671588771969
1498,14.98,7.8728741506261875
1499,14.99,7.873041160666348
1500,15.0,7.8731624505333535
1501,15.01,7.872934380745752
1502,15.02,7.8733734118137075
1503,15.03,7.872506654700466
1504,15.04,7.872652977343522
1505,15.05,7.871657381912238
1506,15.06,7.872025740859179
1507,15.07,7.873114320577995
1508,15.08,7.872332364585684
1509,15.09,7.871896829913545
1510,15.1,7.8729186364066335
1511,15.11,7.873278870131207
1512,15.12,7.872997403503251
1513,15.13,7.872973196553861
1514,15.14,7.874064180195766
1515,15.15,7.872788845366671
1516,15.16,7.873375703854576
1517,15.17,7.873606580185386
1518,15.18,7.87464073081217
1519,15.19,7.874438449725415
1520,15.2,7.874831286600251
1521,15.21,7.874957860869233
1522,15.22,7.87539697080191
1523,15.23,7.875215411294424
1524,15.24,7.8755282052575195
1525,15.25,7.87559258246575
1526,15.26,7.875801065891063
1527,15.27,7.876002331710522
1528,15.28,7.876464919808891
1529,15.29,7.876896850661087
1530,15.3,7.877709788790285
1531,15.31,7.878450056745083
1532,15.32,7.878272448790802
1533,15.33,7.8793303764804925
1534,15.34,7.879931959665507
1535,15.35,7.880332510559969
1536,15.36,7.880014854487228
1537,15.37,7.8800364892672
1538,15.38,7.880399715509291
1539,15.39,7.880693517186523
1540,15.4,7.881329014727526
1541,15.41,7.881799886828035
1542,15.42,7.881727127723718
1543,15.43,7.882695549982221
1544,15.44,7.8822361616865395
1545,15.45,7.883095529274796
1546,15.46,7.88312146419967
1547,15.47,7.882869764614017
1548,15.48,7.882831691724208
1549,15.49,7.882806146822051
1550,15.5,7.882782922085621
1551,15.51,7.883357725741445
1552,15.52,7.883364012772721
1553,15.53,7.884899253568674
1554,15.54,7.884901962398448
1555,15.55,7.884631386707852
1556,15.56,7.883784812035977
1557,15.57,7.883487204648044
1558,15.58,7.884174511453813
1559,15.59,7.884095777405075
1560,15.6,7.885140480025672
1561,15.61,7.88547573389669
1562,15.62,7.885707288431266
1563,15.63,7.885157133856012
1564,15.64,7.886574011271704
1565,15.65,7.886786841861311
1566,15.66,7.886338373961058
1567,15.67,7.8858127572143655
1568,15.68,7.885613274455137
1569,15.69,7.885998354318132
1570,15.7,7.8869182582248
1571,15.71,7.88692749308993
1572,15.72,7.886592437990001
1573,15.73,7.886635782505775
1574,15.74,7.88725253923039
1575,15.75,7.887468949365662
1576,15.76,7.887678152728856
1577,15.77,7.887950631412602
1578,15.78,7.887869604157896
1579,15.79,7.88786510343699
1580,15.8,7.888798039911143
1581,15.81,7.8881694996866125
1582,15.82,7.8889839518085685
1583,15.83,7.889001458858095
1584,15.84,7.887629195639056
1585,15.85,7.888488489263271
1586,15.86,7.88819033500306
1587,15.87,7.889370903841209
1588,15.88,7.890226026331579
1589,15.89,7.890010102521426
1590,15.9,7.890532631063199
1591,15.91,7.890216078252665
1592,15.92,7.891500750670839
1593,15.93,7.891308389144771
1594,15.94,7.890792057275119
1595,15.95,7.890884414548021
1596,15.96,7.89043281992016
1597,15.97,7.8905482446270785
1598,15.98,7.890190248639763
1599,15.99,7.890694814187064
1600,16.0,7.8898055727498475
1601,16.01,7.889418974876955
1602,16.02,7.888467598865737
1603,16.03,7.888960013825933
1604,16.04,7.8877988013078415
1605,16.05,7.88818321120274
1606,16.06,7.8883333410491865
1607,16.07,7.88912208746805
1608,16.08,7.888394747667684
1609,16.09,7.887264957033879
1610,16.1,7.887024579813247
1611,16.11,7.886080566675928
1612,16.12,7.885697107655685
1613,16.13,7.88546599525626
1614,16.14,7.8852056408886595
1615,16.15,7.886940236898736
1616,16.16,7.886528145599868
1617,16.17,7.886845917825155
1618,16.18,7.886260740674813
1619,16.19,7.884811676627148
1620,16.2,7.884581852889229
1621,16.21,7.884625360412949
1622,16.22,7.885051219823287
1623,16.23,7.885686355809197
1624,16.24,7.885666723557774
1625,16.25,7.88590567175239
1626,16.26,7.885976687689283
1627,16.27,7.887778321463664
1628,16.28,7.88775451011518
1629,16.29,7.888955361718301
1630,16.3,7.88945100250136
1631,16.31,7.889791887662704
1632,16.32,7.890303435372493
1633,16.33,7.890292653527239
1634,16.34,7.889637020447998
1635,16.35,7.889230516786142
1636,16.36,7.8898615122633196
1637,16.37,7.890885768116606
1638,16.38,7.890945488641597
1639,16.39,7.8910454021119305
1640,16.4,7.89184724198536
1641,16.41,7.891930453404782
1642,16.42,7.891335447568058
1643,16.43,7.890418289095172
1644,16.44,7.889985828992193
1645,16.45,7.8899178793719456
1646,16.46,7.889482444724935
1647,16.47,7.889140319649339
1648,16.48,7.889565251191543
1649,16.49,7.889837581330163
1650,16.5,7.889933859694939
1651,16.51,7.88946525087283
1652,16.52,7.890056944079738
1653,16.53,7.8902380194438715
1654,16.54,7.889958837142955
1655,16.55,7.88969726560878
1656,16.56,7.889947474066316
1657,16.57,7.8901617730908615
1658,16.58,7.8902060148089825
1659,16.59,7.891106082673271
1660,16.6,7.891618421190077
1661,16.61,7.891865049996283
1662,16.62,7.89182485237723
1663,16.63,7.892428041957924
1664,16.64,7.892341803364486
1665,16.65,7.8926339163959875
1666,16.66,7.8926096645129995
1667,16.67,7.892570358720798
1668,16.68,7.892900860584314
1669,16.69,7.89220634655366
1670,16.7,7.892016371904773
1671,16.71,7.891350274205154
1672,16.72,7.892292016432323
1673,16.73,7.892787104166622
1674,16.74,7.892285068750878
1675,16.75,7.891761358237896
1676,16.76,7.890639508695429
1677,16.77,7.890565290174406
1678,16.78,7.8910956604915405
1679,16.79,7.891884837616532
1680,16.8,7.8909612709572565
1681,16.81,7.892181377803052
1682,16.82,7.893568564890459
1683,16.83,7.893151481323518
1684,16.84,7.8932060211325465
1685,16.85,7.893250096857513
1686,16.86,7.893827309073392
1687,16.87,7.8931761908992355
1688,16.88,7.893412663825903
1689,16.89,7.893502670415614
1690,16.9,7.894219706981924
1691,16.91,7.893250591285814
1692,16.92,7.892437665892095
1693,16.93,7.8921430734474205
1694,16.94,7.89169427183041
1695,16.95,7.891765640322624
1696,16.96,7.892601435621673
1697,16.97,7.892525332608418
1698,16.98,7.893022241793228
1699,16.99,7.893260667851922
1700,17.0,7.892323715376075
1701,17.01,7.892319214612139
1702,17.02,7.892291976804767
1703,17.03,7.89238921386983
1704,17.04,7.8932238837763355
1705,17.05,7.892558034892769
1706,17.06,7.892965206305748
1707,17.07,7.893348173495726
1708,17.08,7.89367325365518
1709,17.09,7.893944018228176
1710,17.1,7.894094890190476
1711,17.11,7.894019587799418
1712,17.12,7.895540997314304
1713,17.13,7.8951437559008015
1714,17.14,7.89467743790311
1715,17.15,7.894720082130512
1716,17.16,7.894634271938736
1717,17.17,7.895643145301943
1718,17.18,7.895231593276243
1719,17.19,7.894384782708622
1720,17.2,7.895042557976391
1721,17.21,7.894368399770387
1722,17.22,7.8947462176667225
1723,17.23,7.895069176564117
1724,17.24,7.8950041375235855
1725,17.25,7.8952493944617395
1726,17.26,7.895360280206456
1727,17.27,7.89521167395719
1728,17.28,7.895074264480872
1729,17.29,7.89484571025401
1730,17.3,7.894668398677079
1731,17.31,7.893558748195847
1732,17.32,7.893299255001029
1733,17.33,7.8938121228877405
1734,17.34,7.8951060988824295
1735,17.35,7.89482921431612
1736,17.36,7.895315958363906
1737,17.37,7.895806054989278
1738,17.38,7.895589820861169
1739,17.39,7.896392054880081
1740,17.4,7.896840319818404
1741,17.41,7.897665663097799
1742,17.42,7.8977151494469595
1743,17.43,7.897722467442427
1744,17.44,7.897813577646163
1745,17.45,7.897784983569527
1746,17.46,7.897358764216022
1747,17.47,7.896793734819869
1748,17.48,7.897258366742756
1749,17.49,7.897186732626732
1750,17.5,7.897658944455902
1751,17.51,7.897706662482813
1752,17.52,7.8977851555837635
1753,17.53,7.897875157374726
1754,17.54,7.89775650879893
1755,17.55,7.897443338035023
1756,17.56,7.897979470070542
1757,17.57,7.898312441730484
1758,17.58,7.899711451680709
1759,17.59,7.899909518180652
1760,17.6,7.899926647267333
1761,17.61,7.899131380263365
1762,17.62,7.899320255131401
1763,17.63,7.899053295387206
1764,17.64,7.898572648175274
1765,17.65,7.8987965641741775
1766,17.66,7.8995457076538615
1767,17.67,7.899792516581054
1768,17.68,7.899755143279503
1769,17.69,7.8993378057766765
1770,17.7,7.899565751508757
1771,17.71,7.899027312214201
1772,17.72,7.898450847157224
1773,17.73,7.899527688856012
1774,17.74,7.899217134957164
1775,17.75,7.899630158225172
1776,17.76,7.899438334654038
1777,17.77,7.89967938244891
1778,17.78,7.900517697755355
1779,17.79,7.900179787334754
1780,17.8,7.900458314372174
1781,17.81,7.901055961006085
1782,17.82,7.901382013221956
1783,17.83,7.900606776333527
1784,17.84,7.901023471479702
1785,17.85,7.901378029254595
1786,17.86,7.901999145258876
1787,17.87,7.9026467382771095
1788,17.88,7.902499294334265
1789,17.89,7.902839078124237
1790,17.9,7.902876538166994
1791,17.91,7.902875765040173
1792,17.92,7.903525315299144
1793,17.93,7.903051741050775
1794,17.94,7.90349114135412
1795,17.95,7.903601733601418
1796,17.96,7.903851252728833
1797,17.97,7.90422493743187
1798,17.98,7.903949086841512
1799,17.99,7.9040334577862685
1800,18.0,7.903236496463251
1801,18.01,7.903145287854957
1802,18.02,7.903206713968988
1803,18.03,7.903882923255924
1804,18.04,7.903552519879692
1805,18.05,7.9028644503586385
1806,18.06,7.902118107795846
1807,18.07,7.901978564096553
1808,18.08,7.901296362396744
1809,18.09,7.900376454536327
1810,18.1,7.90028381416742
1811,18.11,7.900489339412019
1812,18.12,7.901495319698856
1813,18.13,7.901627528782677
1814,18.14,7.902187033371813
1815,18.15,7.901954345424915
1816,18.16,7.9024457522313485
1817,18.17,7.902310854495051
1818,18.18,7.9020491218813955
1819,18.19,7.903007803114851
1820,18.2,7.903599517429787
1821,18.21,7.90357283410934
1822,18.22,7.9033020285727416
1823,18.23,7.903612637608838
1824,18.24,7.90380314971477
1825,18.25,7.904001314830091
1826,18.26,7.903897508175672
1827,18.27,7.903246714265603
1828,18.28,7.903647299587357
1829,18.29,7.902673444050689
1830,18.3,7.902469601116622
1831,18.31,7.903384331655854
1832,18.32,7.903071699782861
1833,18.33,7.9031141878341575
1834,18.34,7.9027825351336745
1835,18.35,7.9032957086929985
1836,18.36,7.903329455541578
1837,18.37,7.903069908125758
1838,18.38,7.903609101813505
1839,18.39,7.904714563270089
1840,18.4,7.904278219028241
1841,18.41,7.903437841252439
1842,18.42,7.903657257827489
1843,18.43,7.903522716278522
1844,18.44,7.901852380924437
1845,18.45,7.902164221434065
1846,18.46,7.901327530134608
1847,18.47,7.901660977007617
1848,18.48,7.902283308138921
1849,18.49,7.902926536166049
1850,18.5,7.902992370581302
1851,18.51,7.9037631039766785
1852,18.52,7.9048338127805176
1853,18.53,7.9056316207768145
1854,18.54,7.906418293269774
1855,18.55,7.90626019892199
1856,18.56,7.906542479283278
1857,18.57,7.906698781688848
1858,18.58,7.906113206307852
1859,18.59,7.906424178997128
1860,18.6,7.9064847749437295
1861,18.61,7.906953955950139
1862,18.62,7.907168383963635
1863,18.63,7.907088285092342
1864,18.64,7.907919569596165
1865,18.65,7.908300177888353
1866,18.66,7.908041551628256
1867,18.67,7.908149780866665
1868,18.68,7.90740097338404
1869,18.69,7.907005422400458
1870,18.7,7.907084997764139
1871,18.71,7.906558296423687
1872,18.72,7.9062014663903994
1873,18.73,7.906208830647766
1874,18.74,7.906404475756934
1875,18.75,7.9071992577745345
1876,18.76,7.908064092844037
1877,18.77,7.908903590883121
1878,18.78,7.909522202226491
1879,18.79,7.908814412757916
1880,18.8,7.908583383280422
1881,18.81,7.908382914330397
1882,18.82,7.907980575594328
1883,18.83,7.906675950578168
1884,18.84,7.907916497298747
1885,18.85,7.908767148355052
1886,18.86,7.909186561828449
1887,18.87,7.910084900340683
1888,18.88,7.911020792101502
1889,18.89,7.910425564121441
1890,18.9,7.910548320905996
1891,18.91,7.909873029929393
1892,18.92,7.909633884081829
1893,18.93,7.909701955048533
1894,18.94,7.909120188306888
1895,18.95,7.908895255782916
1896,18.96,7.909165928559835
1897,18.97,7.909458244808823
1898,18.98,7.909529103338764
1899,18.99,7.9098604801207895
1900,19.0,7.909955976303878
1901,19.01,7.909650063676079
1902,19.02,7.910030641105177
1903,19.03,7.9107691510369245
1904,19.04,7.910986105389762
1905,19.05,7.911816367200235
1906,19.06,7.91268773117831
1907,19.07,7.912797858218947
1908,19.08,7.913376340086893
1909,19.09,7.914032302477041
1910,19.1,7.913439990512373
1911,19.11,7.913067557576991
1912,19.12,7.913112663972058
1913,19.13,7.913914656829692
1914,19.14,7.914003046832281
1915,19.15,7.913698500736175
1916,19.16,7.9139723673395705
1917,19.17,7.913560261787319
1918,19.18,7.91339475215478
1919,19.19,7.914017475739606
1920,19.2,7.913879543840467
1921,19.21,7.913415056480633
1922,19.22,7.913336357459361
1923,19.23,7.91361089457549
1924,19.24,7.912982596493855
1925,19.25,7.912835264541488
1926,19.26,7.912813064912065
1927,19.27,7.912454195153581
1928,19.28,7.912784436509173
1929,19.29,7.913436535824424
1930,19.3,7.913007720432701
1931,19.31,7.913903626211399
1932,19.32,7.914612024815021
1933,19.33,7.915026302575741
1934,19.34,7.914988983026837
1935,19.35,7.915064726070363
1936,19.36,7.91489811326993
1937,19.37,7.914945649862941
1938,19.38,7.916509239737603
1939,19.39,7.917052810698926
1940,19.4,7.916777388369856
1941,19.41,7.916367792719426
1942,19.42,7.916046546790254
1943,19.43,7.915791516975899
1944,19.44,7.91615444948345
1945,19.45,7.91650720809505
1946,19.46,7.915767852891974
1947,19.47,7.9144978869078315
1948,19.48,7.914059540208346
1949,19.49,7.914787784132493
1950,19.5,7.914752013829249
1951,19.51,7.91419463939626
1952,19.52,7.913878149700858
1953,19.53,7.9134043160612055
1954,19.54,7.9135756251103935
1955,19.55,7.913935508909435
1956,19.56,7.9144714871743
1957,19.57,7.914054240521295
1958,19.58,7.914555808285579
1959,19.59,7.914162047693345
1960,19.6,7.914080876103613
1961,19.61,7.914619763572263
1962,19.62,7.9140232383034865
1963,19.63,7.9147042675884585
1964,19.64,7.9149110453818174
1965,19.65,7.91402805428314
1966,19.66,7.915028712794204
1967,19.67,7.9158962606830965
1968,19.68,7.915262212887625
1969,19.69,7.91536527362648
1970,19.7,7.915444756413888
1971,19.71,7.914730245319219
1972,19.72,7.915472815268431
1973,19.73,7.9156758573201875
1974,19.74,7.915752960235693
1975,19.75,7.915822710388085
1976,19.76,7.916805082987482
1977,19.77,7.916499215959092
1978,19.78,7.9166899657661
1979,19.79,7.916056355878475
1980,19.8,7.915792752521069
1981,19.81,7.916977341204944
1982,19.82,7.916876700449841
1983,19.83,7.917112568229834
1984,19.84,7.917824220893639
1985,19.85,7.917641980744047
1986,19.86,7.917577915212713
1987,19.87,7.917727239344075
1988,19.88,7.917885323664538
1989,19.89,7.918584078502548
1990,19.9,7.918602434874597
1991,19.91,7.918917157450445
1992,19.92,7.919016928658727
1993,19.93,7.9187092711214335
1994,19.94,7.917698350725534
1995,19.95,7.918547171946997
1996,19.96,7.919048872872951
1997,19.97,7.918249909453366
1998,19.98,7.918657953068998
1999,19.99,7.918765503048768
2000,20.0,7.919231856444393
2001,20.01,7.919127737837184
2002,20.02,7.919633559098634
2003,20.03,7.917993668736676
2004,20.04,7.918206347339417
2005,20.05,7.918339845051225
2006,20.06,7.918307166699979
2007,20.07,7.919009886199157
2008,20.08,7.918255752867322
2009,20.09,7.917793791489883
2010,20.1,7.91708492199016
2011,20.11,7.917493908157525
2012,20.12,7.917744109264757
2013,20.13,7.918958142090842
2014,20.14,7.9193904873947325
2015,20.15,7.918939698537763
2016,20.16,7.918816513811219
2017,20.17,7.919854014287961
2018,20.18,7.919798597567346
2019,20.19,7.921329089117521
2020,20.2,7.922496069746781
2021,20.21,7.922140725268544
2022,20.22,7.922725315568608
2023,20.23,7.923485246928411
2024,20.24,7.923662344017549
2025,20.25,7.92361162956629
2026,20.26,7.922723509447539
2027,20.27,7.922585676175354
2028,20.28,7.922081263680327
2029,20.29,7.9223602504887305
2030,20.3,7.922275441519812
2031,20.31,7.921850411437998
2032,20.32,7.922561890635152
2033,20.33,7.9231926489458075
2034,20.34,7.922662518402672
2035,20.35,7.922976435317491
2036,20.36,7.922571967409445
2037,20.37,7.922533958432027
2038,20.38,7.923197762632868
2039,20.39,7.923202652454835
2040,20.4,7.923276532900729
2041,20.41,7.923587186128078
2042,20.42,7.923692517684324
2043,20.43,7.924523133101912
2044,20.44,7.923803550727933
2045,20.45,7.923665411738618
2046,20.46,7.923648317138009
2047,20.47,7.92349261839632
2048,20.48,7.923920750363138
2049,20.49,7.923921808653728
2050,20.5,7.923986950939188
2051,20.51,7.923804697873811
2052,20.52,7.923525159490617
2053,20.53,7.923916446936804
2054,20.54,7.923480229037479
2055,20.55,7.922493913933188
2056,20.56,7.92255276500944
2057,20.57,7.922442783490047
2058,20.58,7.922234395252479
2059,20.59,7.922423560383985
2060,20.6,7.9225959793615885
2061,20.61,7.921837968917202
2062,20.62,7.921182631364656
2063,20.63,7.921882829410533
2064,20.64,7.920716140433381
2065,20.65,7.921011446562748
2066,20.66,7.920646471701696
2067,20.67,7.920113691331178
2068,20.68,7.920286250883613
2069,20.69,7.920698128708656
2070,20.7,7.920912572386527
2071,20.71,7.92035580541156
2072,20.72,7.9215730273981055
2073,20.73,7.921871241427642
2074,20.74,7.922058323095603
2075,20.75,7.921872018837031
2076,20.76,7.921861087794163
2077,20.77,7.922397054630006
2078,20.78,7.922628098294409
2079,20.79,7.921850550047822
2080,20.8,7.922731297252331
2081,20.81,7.922952697143069
2082,20.82,7.9220259897749505
2083,20.83,7.922102284395752
2084,20.84,7.921817472476633
2085,20.85,7.920928767387222
2086,20.86,7.921503071593789
2087,20.87,7.921020090653197
2088,20.88,7.9212588689278425
2089,20.89,7.921043577367323
2090,20.9,7.920543475328577
2091,20.91,7.920032572701717
2092,20.92,7.919650120837542
2093,20.93,7.920132499980482
2094,20.94,7.9208043873351155
2095,20.95,7.9207887742341265
2096,20.96,7.920350028902264
2097,20.97,7.920712321694445
2098,20.98,7.921229467265865
2099,20.99,7.921865991534463
2100,21.0,7.920745357624192
2101,21.01,7.921274214837645
2102,21.02,7.920902995101701
2103,21.03,7.921856225502249
2104,21.04,7.9209948769595435
2105,21.05,7.921195805659482
2106,21.06,7.921331116263229
2107,21.07,7.921191508821985
2108,21.08,7.92015061481594
2109,21.09,7.920513734764885
2110,21.1,7.920200721253793
2111,21.11,7.919922015146179
2112,21.12,7.918913608032732
2113,21.13,7.918513803512038
2114,21.14,7.918148308865766
2115,21.15,7.9172021671492185
2116,21.16,7.916580801281113
2117,21.17,7.915718865317675
2118,21.18,7.915908999769912
2119,21.19,7.915995481769258
2120,21.2,7.9161938498688205
2121,21.21,7.9164634684460635
2122,21.22,7.915820558284278
2123,21.23,7.915422155769486
2124,21.24,7.91607778880818
2125,21.25,7.916191591795052
2126,21.26,7.915503427286264
2127,21.27,7.915270464018117
2128,21.28,7.915890423774544
2129,21.29,7.914828106986986
2130,21.3,7.9155167619307925
2131,21.31,7.916348056578252
2132,21.32,7.916605027943606
2133,21.33,7.916535277792457
2134,21.34,7.916121102716426
2135,21.35,7.916963807394634
2136,21.36,7.916901077088875
2137,21.37,7.917168031656152
2138,21.38,7.9168150198897305
2139,21.39,7.916913090793267
2140,21.4,7.917195337932952
2141,21.41,7.917616975782515
2142,21.42,7.9177164595126515
2143,21.43,7.917478376883939
2144,21.44,7.917658526360686
2145,21.45,7.917228990970406
2146,21.46,7.917422363804188
2147,21.47,7.917778685811251
2148,21.48,7.917903900282781
2149,21.49,7.917838032689154
2150,21.5,7.917607742732147
2151,21.51,7.91834865852757
2152,21.52,7.919401438800695
2153,21.53,7.9195596105976875
2154,21.54,7.919752304200356
2155,21.55,7.920093496706913
2156,21.56,7.920081571981516
2157,21.57,7.919598217382058
2158,21.58,7.920154470243219
2159,21.59,7.920254999554709
2160,21.6,7.921468929801041
2161,21.61,7.921268773937192
2162,21.62,7.9215788687624995
2163,21.63,7.920723797294304
2164,21.64,7.9202851646914425
2165,21.65,7.9209417363538694
2166,21.66,7.920494479992901
2167,21.67,7.920304850178094
2168,21.68,7.919738315408038
2169,21.69,7.91919684054894
2170,21.7,7.919020507286983
2171,21.71,7.919274407441909
2172,21.72,7.919539520915203
2173,21.73,7.919495182152547
2174,21.74,7.9194231559064265
2175,21.75,7.91975244936999
2176,21.76,7.919107414010935
2177,21.77,7.918717174757574
2178,21.78,7.919609985856644
2179,21.79,7.919291194175923
2180,21.8,7.9198543401730115
2181,21.81,7.919203884284178
2182,21.82,7.918834910538622
2183,21.83,7.91955079184663
2184,21.84,7.9201313489793215
2185,21.85,7.919481530741819
2186,21.86,7.9199665969951925
2187,21.87,7.919695482499152
2188,21.88,7.919637544400693
2189,21.89,7.919837201128132
2190,21.9,7.919146037551345
2191,21.91,7.9197947585591315
2192,21.92,7.919320245685526
2193,21.93,7.9202566432607595
2194,21.94,7.920466563308713
2195,21.95,7.920321439879505
2196,21.96,7.919453792704047
2197,21.97,7.920075718012149
2198,21.98,7.919536409326391
2199,21.99,7.919591152758155
2200,22.0,7.91922467756004
2201,22.01,7.919493913019028
2202,22.02,7.9194254643933055
2203,22.03,7.91989086262267
2204,22.04,7.918693642977468
2205,22.05,7.91810906421489
2206,22.06,7.919345969519666
2207,22.07,7.919305080367357
2208,22.08,7.919819129099392
2209,22.09,7.921169143971777
2210,22.1,7.921220358863061
2211,22.11,7.922006352131361
2212,22.12,7.920927579424602
2213,22.13,7.921101321374569
2214,22.14,7.921589628840414
2215,22.15,7.92291637682557
2216,22.16,7.922723897172933
2217,22.17,7.92172130630044
2218,22.18,7.92119618494168
2219,22.19,7.921299865146407
2220,22.2,7.9216159004741264
2221,22.21,7.922006543151714
2222,22.22,7.922039903521638
2223,22.23,7.922704715747648
2224,22.24,7.922901772340338
2225,22.25,7.922302535503617
2226,22.26,7.922049923005403
2227,22.27,7.92105115958701
2228,22.28,7.921343358341659
2229,22.29,7.921763726309883
2230,22.3,7.921564548572693
2231,22.31,7.9211772423122255
2232,22.32,7.922028656795715
2233,22.33,7.921995180205854
2234,22.34,7.9222310452554865
2235,22.35,7.922384000544099
2236,22.36,7.921819429735335
2237,22.37,7.922275885133525
2238,22.38,7.922478391234318
2239,22.39,7.922973815043773
2240,22.4,7.922139295452617
2241,22.41,7.92171494515346
2242,22.42,7.922024188824251
2243,22.43,7.922259756463861
2244,22.44,7.9226199659117
2245,22.45,7.9228267477586645
2246,22.46,7.923347250022744
2247,22.47,7.92349667133256
2248,22.48,7.9231271082399815
2249,22.49,7.923498370298308
2250,22.5,7.923104755728519
2251,22.51,7.923101903685069
2252,22.52,7.923398149829332
2253,22.53,7.923066285360881
2254,22.54,7.923002698809261
2255,22.55,7.922856714182228
2256,22.56,7.923046751338454
2257,22.57,7.923504163341839
2258,22.58,7.9235893184119925
2259,22.59,7.923351029183688
2260,22.6,7.924728161769817
2261,22.61,7.924640542774942
2262,22.62,7.925531754904581
2263,22.63,7.9259497486982555
2264,22.64,7.925282392489182
2265,22.65,7.925305867716751
2266,22.66,7.925622618147851
2267,22.67,7.925802485356787
2268,22.68,7.926141550753136
2269,22.69,7.926246205754975
2270,22.7,7.925745075997861
2271,22.71,7.925715799964966
2272,22.72,7.924950814952282
2273,22.73,7.925414586975491
2274,22.74,7.925362450967746
2275,22.75,7.92540902192966
2276,22.76,7.925453113084931
2277,22.77,7.925264197275606
2278,22.78,7.924685854546812
2279,22.79,7.925873584658083
2280,22.8,7.926608601549753
2281,22.81,7.9266407419537614
2282,22.82,7.926300217219286
2283,22.83,7.9260841888423545
2284,22.84,7.926338700438717
2285,22.85,7.926578545271329
2286,22.86,7.926157538270787
2287,22.87,7.926102304385773
2288,22.88,7.926116816496292
2289,22.89,7.9257502096102055
2290,22.9,7.925899293838234
2291,22.91,7.926179357104457
2292,22.92,7.9261373425359345
2293,22.93,7.927554950215454
2294,22.94,7.927008032090173
2295,22.95,7.927835785307766
2296,22.96,7.92724581451886
2297,22.97,7.927450507046281
2298,22.98,7.926572461396897
2299,22.99,7.92610391090322
2300,23.0,7.9259580692881215
2301,23.01,7.9266867003646535
2302,23.02,7.927100358723605
2303,23.03,7.9275193950666125
2304,23.04,7.928917965684975
2305,23.05,7.929824239174428
2306,23.06,7.929075966942507
2307,23.07,7.928980859748135
2308,23.08,7.929274865931553
2309,23.09,7.929809540128832
2310,23.1,7.930218025803844
2311,23.11,7.929494910804327
2312,23.12,7.930138441797553
2313,23.13,7.929784512144048
2314,23.14,7.930368324571382
2315,23.15,7.9304918386806325
2316,23.16,7.930594087838321
2317,23.17,7.930876378263394
2318,23.18,7.931173104751366
2319,23.19,7.931184858307097
2320,23.2,7.93205562571789
2321,23.21,7.931726182640215
2322,23.22,7.932300442511846
2323,23.23,7.933235896300714
2324,23.24,7.932903359875798
2325,23.25,7.933044120481048
2326,23.26,7.932150009285891
2327,23.27,7.931766491954319
2328,23.28,7.9309926652117
2329,23.29,7.930798463022198
2330,23.3,7.930835779791255
2331,23.31,7.931707502702478
2332,23.32,7.93116043591715
2333,23.33,7.930926311720724
2334,23.34,7.931434029181951
2335,23.35,7.9322970153631465
2336,23.36,7.9325533247927895
2337,23.37,7.93305149306965
2338,23.38,7.932170435619183
2339,23.39,7.931928455388577
2340,23.4,7.932294249996797
2341,23.41,7.931648731003637
2342,23.42,7.932649251753805
2343,23.43,7.933043842097083
2344,23.44,7.933272096255694
2345,23.45,7.932814827143959
2346,23.46,7.932448972805605
2347,23.47,7.9319299770304825
2348,23.48,7.932253456807028
2349,23.49,7.9317821057004085
2350,23.5,7.93191109129627
2351,23.51,7.9316419142754615
2352,23.52,7.931706629974762
2353,23.53,7.93180213764565
2354,23.54,7.932127117254185
2355,23.55,7.931811569530558
2356,23.56,7.931340943836128
2357,23.57,7.931219726930866
2358,23.58,7.93179092471059
2359,23.59,7.931902017447755
2360,23.6,7.931163755523139
2361,23.61,7.931516771219837
2362,23.62,7.931352685834951
2363,23.63,7.931676088202721
2364,23.64,7.931691484464853
2365,23.65,7.930590309491253
2366,23.66,7.930195533096502
2367,23.67,7.930215267799482
2368,23.68,7.930750040575674
2369,23.69,7.930914556585708
2370,23.7,7.931208844761909
2371,23.71,7.931814577154363
2372,23.72,7.931598368690423
2373,23.73,7.932236289108966
2374,23.74,7.932429037878893
2375,23.75,7.931357998299586
2376,23.76,7.930674006063345
2377,23.77,7.930980017056396
2378,23.78,7.930639789920259
2379,23.79,7.931179151466521
2380,23.8,7.930677492417801
2381,23.81,7.930378633267518
2382,23.82,7.931688824187715
2383,23.83,7.931384081232617
2384,23.84,7.931910528497336
2385,23.85,7.932101770093949
2386,23.86,7.932795895106918
2387,23.87,7.932274235973336
2388,23.88,7.931603469912036
2389,23.89,7.930238627197658
2390,23.9,7.931205428180874
2391,23.91,7.93047858897724
2392,23.92,7.931622216498894
2393,23.93,7.932234859660315
2394,23.94,7.932786185279957
2395,23.95,7.932248854519813
2396,23.96,7.932426595378969
2397,23.97,7.932039556708523
2398,23.98,7.930948681756318
2399,23.99,7.930485362772019
2400,24.0,7.930629121038646
2401,24.01,7.929344152565262
2402,24.02,7.929030203172687
2403,24.03,7.927973306722825
2404,24.04,7.928197565591231
2405,24.05,7.928629087201368
2406,24.06,7.927940252071341
2407,24.07,7.928042728869524
2408,24.08,7.928105517259541
2409,24.09,7.927323954686482
2410,24.1,7.926964783449907
2411,24.11,7.9274888511630195
2412,24.12,7.928483557072689
2413,24.13,7.928851627066388
2414,24.14,7.929918147147836
2415,24.15,7.930289636494937
2416,24.16,7.930760886300223
2417,24.17,7.930540357249388
2418,24.18,7.929663131340719
2419,24.19,7.929494416215855
2420,24.2,7.929610617759017
2421,24.21,7.929704332130506
2422,24.22,7.930298929135938
2423,24.23,7.9300485722671405
2424,24.24,7.930228588644924
2425,24.25,7.93025566645391
2426,24.26,7.930041191321549
2427,24.27,7.930612064844298
2428,24.28,7.929821678252797
2429,24.29,7.9309498753601675
2430,24.3,7.930909688475192
2431,24.31,7.931038196443312
2432,24.32,7.930301741654
2433,24.33,7.9301288450590794
2434,24.34,7.930530121184654
2435,24.35,7.9302842305560155
2436,24.36,7.92980901129628
2437,24.37,7.930195118778669
2438,24.38,7.930097974962465
2439,24.39,7.931566892379048
2440,24.4,7.932081187308716
2441,24.41,7.931620388288782
2442,24.42,7.932597245749492
2443,24.43,7.932442253426896
2444,24.44,7.932946429539237
2445,24.45,7.93306367906557
2446,24.46,7.932775833799765
2447,24.47,7.933562253599213
2448,24.48,7.933466031900798
2449,24.49,7.932999230479972
2450,24.5,7.932810796316731
2451,24.51,7.932889399575753
2452,24.52,7.933402713610586
2453,24.53,7.932717651105915
2454,24.54,7.932204185183542
2455,24.55,7.931033328885335
2456,24.56,7.930509162552877
2457,24.57,7.930640190491816
2458,24.58,7.930614432926319
2459,24.59,7.9305817633012605
2460,24.6,7.93042721170566
2461,24.61,7.9303686453929405
2462,24.62,7.929780175238301
2463,24.63,7.929670631726079
2464,24.64,7.929738886219198
2465,24.65,7.930345386394357
2466,24.66,7.929872051300977
2467,24.67,7.929936621445055
2468,24.68,7.929859761742072
2469,24.69,7.930727734945889
2470,24.7,7.931113523139368
2471,24.71,7.931398415353856
2472,24.72,7.93123965047759
2473,24.73,7.930662959089893
2474,24.74,7.931575403724529
2475,24.75,7.930825205485698
2476,24.76,7.930581298275887
2477,24.77,7.930152975976414
2478,24.78,7.9305732152201776
2479,24.79,7.9313388211044025
2480,24.8,7.931398258272774
2481,24.81,7.932094115480833
2482,24.82,7.931511241546455
2483,24.83,7.93046980262375
2484,24.84,7.9306607554514645
2485,24.85,7.930831821335131
2486,24.86,7.930266803374454
2487,24.87,7.930255140656764
2488,24.88,7.929792063506844
2489,24.89,7.930477844845078
2490,24.9,7.929941114231894
2491,24.91,7.930570296395576
2492,24.92,7.930571820499027
2493,24.93,7.93005331232924
2494,24.94,7.930558115329755
2495,24.95,7.930818138962434
2496,24.96,7.930537669489267
2497,24.97,7.931285661177762
2498,24.98,7.9308839147552765
2499,24.99,7.931626534429501
2500,25.0,7.930968166943863
