,Time,Pressure
0,0.245,0.0
1,0.255,0.0
2,0.265,0.0
3,0.275,0.0
4,0.28500000000000003,0.0
5,0.295,0.0
6,0.305,0.0
7,0.315,0.0
8,0.325,0.0
9,0.335,0.0
10,0.345,0.0
11,0.355,0.0
12,0.365,0.0
13,0.37500000000000006,0.0
14,0.385,0.0
15,0.395,0.0
16,0.40499999999999997,0.0
17,0.41500000000000004,0.0
18,0.425,0.0
19,0.43500000000000005,0.0
20,0.445,0.0
21,0.455,0.0
22,0.465,0.0
23,0.47500000000000003,0.0
24,0.48500000000000004,0.0
25,0.495,0.0
26,0.505,0.0
27,0.515,0.0
28,0.525,0.0
29,0.5349999999999999,0.0
30,0.545,0.0
31,0.555,0.0
32,0.565,0.0
33,0.575,0.0
34,0.585,0.0
35,0.5950000000000001,0.0
36,0.605,0.0
37,0.615,0.0
38,0.625,0.0
39,0.635,0.0
40,0.6449999999999999,0.0
41,0.655,0.0
42,0.665,0.0
43,0.675,0.0
44,0.6849999999999999,0.0
45,0.695,0.0
46,0.7050000000000001,0.0
47,0.7150000000000001,0.0
48,0.7250000000000001,0.0
49,0.7349999999999999,0.0
50,0.745,0.0
51,0.7550000000000001,0.0
52,0.7650000000000001,0.0
53,0.7749999999999999,0.0
54,0.7849999999999999,0.0
55,0.795,0.0
56,0.8050000000000002,0.0
57,0.815,0.0
58,0.825,0.0
59,0.835,0.0
60,0.8450000000000001,0.0
61,0.8550000000000001,0.0
62,0.865,0.0
63,0.875,0.0
64,0.885,0.0
65,0.895,0.0
66,0.905,0.0
67,0.915,0.0
68,0.925,0.0
69,0.9349999999999999,0.0
70,0.945,0.0
71,0.9550000000000001,0.0
72,0.9650000000000001,0.0
73,0.975,0.0
74,0.9849999999999999,0.0
75,0.995,0.0
76,1.0050000000000001,0.0
77,1.0150000000000001,0.0
78,1.025,0.0
79,1.0350000000000001,0.0
80,1.0450000000000002,0.0
81,1.0550000000000002,0.0
82,1.065,0.0
83,1.075,0.0
84,1.085,0.0
85,1.095,0.0
86,1.105,0.0
87,1.1149999999999998,0.0
88,1.125,0.0
89,1.1350000000000002,0.0
90,1.145,0.0
91,1.1550000000000002,0.0
92,1.165,0.0
93,1.175,0.0
94,1.185,0.0
95,1.1949999999999998,0.0
96,1.205,0.0
97,1.2149999999999999,0.0
98,1.225,0.0
99,1.2350000000000003,0.0
100,1.245,0.0
101,1.2550000000000001,0.0
102,1.2650000000000001,0.0
103,1.275,0.0
104,1.2850000000000001,0.0
105,1.295,0.0
106,1.305,0.0
107,1.315,0.0
108,1.325,0.0
109,1.3350000000000002,0.0
110,1.3450000000000002,0.0
111,1.355,0.0
112,1.365,0.0
113,1.375,0.0
114,1.385,0.0
115,1.395,0.0
116,1.4049999999999998,0.0
117,1.4149999999999998,0.0
118,1.425,0.0
119,1.435,0.0
120,1.4450000000000003,0.0
121,1.455,0.0
122,1.465,0.0
123,1.475,0.0
124,1.4849999999999999,0.0
125,1.4949999999999999,0.0
126,1.505,0.0
127,1.515,0.0
128,1.5250000000000001,0.0
129,1.5350000000000001,0.0
130,1.5450000000000002,0.0
131,1.5550000000000002,0.0
132,1.565,0.0
133,1.575,0.0
134,1.585,0.0
135,1.5949999999999998,0.0
136,1.605,0.0
137,1.6149999999999998,0.0
138,1.625,0.0
139,1.6350000000000002,0.0
140,1.645,0.0
141,1.655,0.0
142,1.665,0.0
143,1.6749999999999998,0.0
144,1.685,0.0
145,1.6949999999999998,0.0
146,1.705,0.0
147,1.7149999999999999,0.0
148,1.7249999999999999,0.0
149,1.735,0.0
150,1.745,0.0
151,1.7550000000000001,0.0
152,1.7650000000000001,0.0
153,1.775,0.0
154,1.7850000000000001,0.0
155,1.795,0.0
156,1.805,0.0
157,1.815,0.0
158,1.825,0.0
159,1.8350000000000002,0.0
160,1.8450000000000002,0.0
161,1.855,0.0
162,1.865,0.0
163,1.875,0.0
164,1.885,0.0
165,1.895,0.0
166,1.9049999999999998,0.0
167,1.9149999999999998,0.0
168,1.925,0.0
169,1.935,0.0
170,1.945,0.0
171,1.955,0.0
172,1.965,0.0
173,1.975,0.0
174,1.9849999999999999,0.0
175,1.995,0.0
176,2.005,0.0
177,2.0149999999999997,0.0
178,2.025,0.0
179,2.035,0.0
180,2.045,0.0
181,2.0549999999999997,0.0
182,2.065,0.0
183,2.075,0.0
184,2.0850000000000004,0.0
185,2.095,0.0
186,2.1050000000000004,0.0
187,2.115,0.0
188,2.125,0.0
189,2.1350000000000002,0.0
190,2.1450000000000005,0.0
191,2.1550000000000002,0.0
192,2.165,0.0
193,2.175,0.0
194,2.185,0.0
195,2.195,0.0
196,2.205,0.0
197,2.215,0.0
198,2.2249999999999996,0.0
199,2.235,0.0
200,2.245,0.0
201,2.255,0.0
202,2.2649999999999997,0.0
203,2.2749999999999995,0.0
204,2.285,0.0
205,2.2950000000000004,0.0
206,2.3050000000000006,0.0
207,2.3150000000000004,0.0
208,2.325,0.0
209,2.3350000000000004,0.0
210,2.345,0.0
211,2.3550000000000004,0.0
212,2.365,0.0
213,2.375,0.0
214,2.385,0.0
215,2.395,0.0
216,2.405,0.0
217,2.415,0.0
218,2.425,0.0
219,2.4349999999999996,0.0
220,2.4449999999999994,0.0
221,2.4549999999999996,0.0
222,2.465,0.0
223,2.4749999999999996,0.0
224,2.485,0.0
225,2.4950000000000006,0.0
226,2.5050000000000003,0.0
227,2.5150000000000006,0.0
228,2.5250000000000004,0.0
229,2.535,0.0
230,2.545,0.0
231,2.555,0.0
232,2.5650000000000004,0.0
233,2.575,0.0
234,2.585,0.0
235,2.5949999999999998,0.0
236,2.605,0.0
237,2.6149999999999998,0.0
238,2.625,0.0
239,2.635,0.0
240,2.6449999999999996,0.0
241,2.655,0.0
242,2.665,0.0
243,2.675,0.0
244,2.685,0.0
245,2.6950000000000003,0.0
246,2.7050000000000005,0.0
247,2.7150000000000003,0.0
248,2.7250000000000005,0.0
249,2.7350000000000003,0.0
250,2.745,0.0
251,2.7550000000000003,0.0
252,2.765,0.0
253,2.775,0.0
254,2.785,0.0
255,2.795,0.0
256,2.8049999999999997,0.0
257,2.815,0.0
258,2.825,0.0
259,2.835,0.0
260,2.8449999999999998,0.0
261,2.8549999999999995,0.0
262,2.8649999999999998,0.0
263,2.8749999999999996,0.0
264,2.8850000000000002,0.0
265,2.8950000000000005,0.0
266,2.9050000000000002,0.0
267,2.9150000000000005,0.0
268,2.9250000000000003,0.0
269,2.9350000000000005,0.0
270,2.9450000000000003,0.0
271,2.955,0.0
272,2.9650000000000003,0.0
273,2.975,0.0
274,2.9850000000000003,0.0
275,2.995,0.0
276,3.005,0.0
277,3.015,0.0
278,3.025,0.0
279,3.035,0.0
280,3.045,0.0
281,3.0549999999999997,0.0
282,3.065,0.0
283,3.0749999999999997,0.0
284,3.085,0.0
285,3.0950000000000006,0.0
286,3.1050000000000004,0.0
287,3.115,0.0
288,3.125,0.0
289,3.1350000000000002,0.0
290,3.1450000000000005,0.0
291,3.1550000000000002,0.0
292,3.165,0.0
293,3.1750000000000003,0.0
294,3.185,0.0
295,3.1950000000000003,147.23685546875
296,3.205,147.23685546875
297,3.215,147.23685546875
298,3.2249999999999996,147.23685546875
299,3.235,147.23685546875
300,3.245,147.23685546875
301,3.255,147.23685546875
302,3.2649999999999997,147.23685546875
303,3.2749999999999995,147.23685546875
304,3.285,147.23685546875
305,3.295,147.23685546875
306,3.3050000000000006,147.23685546875
307,3.3150000000000004,294.70533203125
308,3.325,412.90372070312503
309,3.3350000000000004,412.90372070312503
310,3.345,412.90372070312503
311,3.3550000000000004,412.90372070312503
312,3.365,412.90372070312503
313,3.375,505.101708984375
314,3.3850000000000002,616.228857421875
315,3.395,616.228857421875
316,3.4050000000000002,616.228857421875
317,3.415,616.228857421875
318,3.425,616.228857421875
319,3.435,616.228857421875
320,3.445,616.228857421875
321,3.455,616.228857421875
322,3.465,711.582900390625
323,3.4749999999999996,711.582900390625
324,3.4849999999999994,711.582900390625
325,3.4950000000000006,711.582900390625
326,3.5050000000000003,711.582900390625
327,3.5150000000000006,711.582900390625
328,3.5250000000000004,908.304658203125
329,3.535,995.887060546875
330,3.5450000000000004,995.887060546875
331,3.555,995.887060546875
332,3.5650000000000004,1182.1891113281251
333,3.575,1182.1891113281251
334,3.585,1326.9073144531249
335,3.5949999999999998,1326.9073144531249
336,3.605,1527.990908203125
337,3.615,1527.990908203125
338,3.625,1527.990908203125
339,3.635,1647.903544921875
340,3.6449999999999996,1740.0061328125
341,3.655,1924.092109375
342,3.665,2014.5979785156253
343,3.675,2113.8991992187503
344,3.6849999999999996,2113.8991992187503
345,3.6950000000000003,1966.6623437500002
346,3.7050000000000005,2054.4836035156254
347,3.7150000000000007,2139.953095703125
348,3.7250000000000005,2235.87345703125
349,3.7350000000000003,2235.87345703125
350,3.745,2591.62201171875
351,3.7550000000000003,2912.03962890625
352,3.765,3404.9744726562503
353,3.7750000000000004,4075.3490039062503
354,3.785,4497.884941406251
355,3.795,5171.28603515625
356,3.805,6481.25884765625
357,3.815,6988.47255859375
358,3.8249999999999997,7432.035263671875
359,3.835,7750.040068359375
360,3.8449999999999998,8101.902451171874
361,3.8549999999999995,8999.648857421875
362,3.8649999999999998,9575.976826171875
363,3.875,10118.684384765624
364,3.885,10578.876650390624
365,3.895,11087.401884765624
366,3.9050000000000007,11514.527197265625
367,3.9150000000000005,12389.239384765626
368,3.9250000000000003,13394.272275390626
369,3.9350000000000005,13724.462236328123
370,3.9450000000000003,14084.541376953124
371,3.955,14560.759189453125
372,3.9650000000000003,14923.469677734376
373,3.9750000000000005,15322.389990234376
374,3.9850000000000003,16142.408583984376
375,3.995,16805.663818359375
376,4.005000000000001,17711.254287109376
377,4.015000000000001,18128.278740234375
378,4.025,18553.755419921876
379,4.035,19463.465986328123
380,4.045,20136.250205078126
381,4.055,20909.279736328124
382,4.065,21230.894326171874
383,4.075,21572.836552734374
384,4.085,21741.647509765622
385,4.095000000000001,22530.612666015622
386,4.1049999999999995,23371.60375976563
387,4.115,23793.140322265626
388,4.125,24970.997978515625
389,4.135,25318.064951171873
390,4.145,26403.085175781252
391,4.155,27106.07263671875
392,4.164999999999999,27390.028642578127
393,4.175,28054.520703125003
394,4.1850000000000005,28868.021953125
395,4.194999999999999,29108.227929687502
396,4.205000000000001,29621.053466796875
397,4.215,30106.456044921877
398,4.2250000000000005,30486.52888671875
399,4.235000000000001,30876.02185546875
400,4.245,31073.885800781252
401,4.255000000000001,31099.38919921875
402,4.265,31056.92138671875
403,4.275,30972.33884765625
404,4.285,31164.56021484375
405,4.295,30907.28916015625
406,4.305000000000001,29910.80314453125
407,4.3149999999999995,29572.150195312504
408,4.325,29809.4659765625
409,4.335000000000001,29808.736289062497
410,4.345,30762.359609375
411,4.355,30357.069921875
412,4.364999999999999,30750.453906249997
413,4.375,30541.9171875
414,4.385,30734.685117187502
415,4.395,30676.549179687503
416,4.405000000000001,30483.4658984375
417,4.415,30054.123085937495
418,4.425000000000001,29442.533632812498
419,4.435,29756.765937499997
420,4.445,29956.273515625
421,4.455000000000001,30213.108906250003
422,4.465,30624.80046875
423,4.4750000000000005,30613.2196875
424,4.485,30182.7547265625
425,4.495,30051.1452734375
426,4.505000000000001,29556.736289062505
427,4.515,29802.1969921875
428,4.525,30013.3799609375
429,4.534999999999999,29807.4818359375
430,4.545,29536.6560546875
431,4.555,29615.858554687507
432,4.5649999999999995,29844.727539062504
433,4.575,30669.083125
434,4.584999999999999,31001.070332031253
435,4.595,31196.559082031254
436,4.605,30449.979453125
437,4.615,30743.664296875
438,4.625000000000001,29820.9687890625
439,4.635,30188.391835937502
440,4.6450000000000005,30069.3007421875
441,4.655,29624.3537109375
442,4.665,29721.475507812498
443,4.675000000000001,29433.1865234375
444,4.685,29316.4430078125
445,4.695,29626.225820312502
446,4.705,29515.693945312498
447,4.715,29446.886796875002
448,4.7250000000000005,29211.260859374997
449,4.734999999999999,29025.458300781247
450,4.745,29119.79544921875
451,4.755,29832.119589843747
452,4.765,30277.94583984375
453,4.775,30426.89384765625
454,4.784999999999999,30500.400292968752
455,4.795,31056.51384765625
456,4.805000000000001,31359.43330078125
457,4.815,31871.572890624997
458,4.825000000000001,31880.563203125
459,4.835,32002.6602734375
460,4.845000000000001,31092.5399609375
461,4.8549999999999995,31273.2491796875
462,4.865,31367.2851171875
463,4.875000000000001,31787.7049609375
464,4.885,31650.008945312497
465,4.8950000000000005,32249.951289062497
466,4.905,32963.3797265625
467,4.915,33474.3547265625
468,4.925000000000001,34312.1144140625
469,4.935,34123.16113281251
470,4.945,34107.5852734375
471,4.954999999999999,33898.0434375
472,4.965,33512.975859375
473,4.9750000000000005,33994.56078125
474,4.984999999999999,34259.373984375
475,4.995,34082.90625
476,5.005000000000001,35019.037265625004
477,5.015000000000001,34901.820625
478,5.025,34416.07609375
479,5.035,34292.738125
480,5.045000000000001,34485.73894531251
481,5.055,34228.6829296875
482,5.065,34142.351054687504
483,5.075,33587.450898437506
484,5.085,33949.7378125
485,5.095000000000001,33532.0935546875
486,5.1049999999999995,34198.52021484375
487,5.115,33643.393935546876
488,5.125,33983.01565429687
489,5.135,33726.41436523438
490,5.1450000000000005,32979.39514648438
491,5.154999999999999,32930.26811523438
492,5.165,33130.41030273437
493,5.175000000000001,33263.93686523438
494,5.185,32873.43483398438
495,5.195,32765.34799804688
496,5.205,32752.437412109375
497,5.215000000000001,32784.04358398437
498,5.225,33189.37752929688
499,5.235,33235.09231445313
500,5.245000000000001,33035.44860351563
501,5.255,32494.776650390628
502,5.265000000000001,32343.026337890624
503,5.2749999999999995,32602.231494140622
504,5.285,32525.288134765622
505,5.295000000000001,32176.63860351562
506,5.305,32204.28036132812
507,5.315,32381.992080078122
508,5.324999999999999,32086.937001953123
509,5.335,32349.163408203123
510,5.345000000000001,32411.804267578125
511,5.3549999999999995,32207.133330078123
512,5.365,32030.843955078126
513,5.374999999999999,32265.897548828125
514,5.385,32320.318330078127
515,5.3950000000000005,32127.871376953128
516,5.405,32005.874658203127
517,5.415000000000001,31997.898251953127
518,5.425,31457.878955078122
519,5.4350000000000005,31746.539658203124
520,5.445000000000001,32076.839736328122
521,5.455,32407.449619140625
522,5.465000000000001,32234.986259765625
523,5.475,32255.989775390623
524,5.485,32375.242001953124
525,5.495000000000001,32805.35067382813
526,5.505,31855.736376953126
527,5.515000000000001,31881.398798828126
528,5.5249999999999995,32296.768017578124
529,5.535,32081.192392578123
530,5.545000000000001,31979.254931640626
531,5.555,32079.53766601563
532,5.565,32113.797353515627
533,5.574999999999999,32354.096884765626
534,5.585,32072.30313476563
535,5.595,31710.487744140628
536,5.6049999999999995,31358.86547851563
537,5.615000000000001,31604.772539062502
538,5.625,31763.105859375002
539,5.635000000000001,31734.685898437503
540,5.645000000000001,32095.996367187498
541,5.655,32076.3123046875
542,5.665000000000001,31803.1703515625
543,5.675,31857.753007812502
544,5.6850000000000005,32107.96890625
545,5.695,31969.612207031252
546,5.705,32276.00708984375
547,5.715000000000001,32315.531582031253
548,5.725,32214.941621093752
549,5.735,32699.537363281255
550,5.745,33189.973925781254
551,5.755,32748.434863281254
552,5.765,32852.15791015625
553,5.7749999999999995,32494.83533203125
554,5.785,32722.09275390625
555,5.794999999999999,32494.15466796875
556,5.805,32658.72548828125
557,5.8149999999999995,32144.35345703125
558,5.825,32427.75455078125
559,5.835000000000001,32273.56400390625
560,5.845,32300.81791015625
561,5.855,32637.98134765625
562,5.865,32211.91005859375
563,5.875,31549.06373046875
564,5.885000000000001,31628.92162109375
565,5.895,31412.64810546875
566,5.905,31520.97138671875
567,5.915000000000001,31906.032167968748
568,5.925,31900.19365234375
569,5.9350000000000005,31632.660214843752
570,5.944999999999999,31731.44349609375
571,5.955,31988.85349609375
572,5.965,32306.395371093753
573,5.975,32276.360214843753
574,5.985,32251.46232421875
575,5.994999999999999,32103.407910156253
576,6.005,32105.774082031254
577,6.015000000000001,32090.673222656253
578,6.025,31966.742910156252
579,6.035000000000001,32298.534550781256
580,6.045,32702.944785156255
581,6.055000000000001,32710.260410156254
582,6.0649999999999995,32483.258886718755
583,6.075,32071.590917968755
584,6.085000000000001,32225.511386718754
585,6.095,32998.90830078125
586,6.105,32728.660410156248
587,6.115,32862.76384765625
588,6.125,32900.39423828125
589,6.135000000000001,33194.82658203125
590,6.145,33090.09005859375
591,6.155,33554.18224609375
592,6.164999999999999,33971.95732421875
593,6.175,33608.11005859375
594,6.1850000000000005,33820.27064453125
595,6.194999999999999,34164.021015625
596,6.205,34272.391640625
597,6.215000000000001,34382.633007812496
598,6.2250000000000005,34271.211953125
599,6.235000000000001,34576.825234375
600,6.245,34223.538203125
601,6.255000000000001,34441.685625
602,6.265,34281.733125
603,6.275,34265.459375
604,6.285,34018.7709375
605,6.295,34342.3776171875
606,6.305000000000001,33947.0728515625
607,6.3149999999999995,34449.6533203125
608,6.325,34025.316210937504
609,6.335000000000001,34036.1284765625
610,6.345,33999.492578125006
611,6.355,34480.387109375
612,6.364999999999999,34834.204570312504
613,6.375,35044.5432421875
614,6.385,34791.673359375
615,6.395,34622.423515625
616,6.405,34639.159453125
617,6.415,34304.35359375
618,6.425000000000001,33859.352734375
619,6.4350000000000005,33766.343984375
620,6.445,33078.758203125
621,6.455000000000001,32631.78984375
622,6.465,32402.5512890625
623,6.4750000000000005,32197.948789062502
624,6.484999999999999,32198.0208203125
625,6.495,31997.487382812502
626,6.505,33401.698007812505
627,6.515,33862.06277343751
628,6.525,33537.82365234375
629,6.534999999999999,33708.80810546875
630,6.545,33253.55708984375
631,6.555,32902.22177734375
632,6.5649999999999995,32774.150332031255
633,6.575,33142.73650390625
634,6.584999999999999,32828.27103515626
635,6.595,32595.46142578125
636,6.604999999999999,33167.23158203125
637,6.614999999999999,33218.05302734375
638,6.625000000000001,33250.81177734375
639,6.635,32688.865625000002
640,6.6450000000000005,33003.591523437506
641,6.655000000000001,32381.675703125
642,6.665,32322.961875000005
643,6.675000000000001,32603.676367187505
644,6.685,32283.281289062503
645,6.695,31963.447832031252
646,6.705,31514.55033203125
647,6.715,31193.57931640625
648,6.7250000000000005,31394.127558593755
649,6.734999999999999,30615.358125
650,6.745,30965.78625
651,6.755,31199.982812500002
652,6.765,31267.973125
653,6.775,31445.750859375
654,6.784999999999999,31671.820390625002
655,6.795,31682.39046875
656,6.804999999999999,31567.913320312502
657,6.8149999999999995,31345.154335937503
658,6.825,31611.620390625005
659,6.835,31753.331718750003
660,6.845000000000001,31622.7653125
661,6.8549999999999995,31135.049609375
662,6.865,31005.209375
663,6.875000000000001,31298.803203125
664,6.885,31527.2481640625
665,6.8950000000000005,31725.185117187502
666,6.905,31589.380585937502
667,6.915,31289.495585937504
668,6.925000000000001,31235.838085937503
669,6.935,30976.874746093752
670,6.945,31092.70294921875
671,6.955,30753.29701171875
672,6.965,30893.31361328125
673,6.9750000000000005,30802.76798828125
674,6.984999999999999,30840.07275390625
675,6.995,30969.154589843754
676,7.004999999999999,29603.591308593754
677,7.015,29114.86685546875
678,7.025000000000001,29110.1470703125
679,7.035,28717.484179687497
680,7.045000000000001,29339.521914062498
681,7.055,29566.589218750003
682,7.065,29824.0421484375
683,7.074999999999999,29687.0367578125
684,7.085,29765.6444921875
685,7.095000000000001,29265.958515624996
686,7.1049999999999995,29060.456484374998
687,7.115,28793.067812499998
688,7.125,28463.088515625
689,7.135,28610.52708984375
690,7.1450000000000005,28193.31974609375
691,7.154999999999999,28458.13048828125
692,7.165,28269.435410156246
693,7.175000000000001,27890.305292968747
694,7.185,27904.073808593752
695,7.195,27809.711250000004
696,7.204999999999999,28046.50484375
697,7.215,28207.603203125
698,7.225,27896.872656249998
699,7.235,28270.46677734375
700,7.245000000000001,27902.970605468752
701,7.255,27935.15833984375
702,7.265000000000001,27675.62701171875
703,7.2749999999999995,27696.551152343753
704,7.285,27178.81041015625
705,7.295000000000001,26930.14857421875
706,7.305,27158.09013671875
707,7.315,26978.29787109375
708,7.324999999999999,27012.035878906252
709,7.335,26892.127519531252
710,7.345000000000001,27232.13013671875
711,7.3549999999999995,26728.109824218755
712,7.365,26402.000214843752
713,7.375,26121.64974609375
714,7.385,25650.89029296875
715,7.3950000000000005,25777.44716796875
716,7.404999999999999,25358.11455078125
717,7.415,25502.815878906255
718,7.425000000000001,25702.128730468754
719,7.4350000000000005,25942.2958203125
720,7.445,25927.1890234375
721,7.455,25842.9859375
722,7.465000000000001,25701.0749609375
723,7.475,25728.137578125003
724,7.485,25551.847343750003
725,7.495,25408.662890624997
726,7.505,25404.596992187497
727,7.515,25126.0187109375
728,7.5249999999999995,25392.212265625
729,7.535,25217.361328125
730,7.545,24641.00796875
731,7.555,24325.031777343745
732,7.565,24274.23408203125
733,7.574999999999999,24054.199082031253
734,7.585,24017.742988281254
735,7.594999999999999,24118.153847656253
736,7.6049999999999995,23931.896269531255
737,7.615,24145.37306640625
738,7.624999999999999,24433.36025390625
739,7.635000000000001,24510.828535156248
740,7.6450000000000005,24453.40681640625
741,7.655,24357.43103515625
742,7.665000000000001,24473.094785156252
743,7.675,24534.520917968748
744,7.6850000000000005,24714.52408203125
745,7.694999999999999,25228.078066406255
746,7.705,25130.750566406252
747,7.715,25090.07119140625
748,7.725,25152.57580078125
749,7.735,24746.938105468755
750,7.744999999999999,24265.07353515625
751,7.755,23815.241943359375
752,7.765,23620.825126953125
753,7.7749999999999995,23247.986455078128
754,7.785,23278.728369140626
755,7.794999999999999,23061.214892578122
756,7.805,22534.436416015622
757,7.814999999999999,22328.597861328126
758,7.825,22183.67864257813
759,7.835000000000001,21935.97497070313
760,7.845,21590.311962890628
761,7.855,21574.253583984377
762,7.865000000000001,21505.547568359376
763,7.875,21263.23069335937
764,7.885000000000001,21142.10506835938
765,7.895,20409.33356933594
766,7.905,20166.74940917969
767,7.915,19403.25310058594
768,7.925,19283.601420898438
769,7.9350000000000005,19175.41423339844
770,7.944999999999999,19051.513920898436
771,7.955,18995.69183105469
772,7.965,18813.17780761719
773,7.975,18464.400737304688
774,7.985,18023.479604492186
775,7.994999999999999,17743.697768554688
776,8.004999999999999,17424.482954101564
777,8.014999999999999,17175.590844726565
778,8.024999999999999,16895.096333007812
779,8.035,16764.22301269531
780,8.045,16573.765122070312
781,8.055,16378.658115234373
782,8.065000000000001,16125.310107421874
783,8.075,15850.130146484376
784,8.085,15550.654716796873
785,8.094999999999999,15453.648466796874
786,8.105,15153.074501953126
787,8.115,15038.557431640626
788,8.125,14465.837001953127
789,8.135,14171.376064453125
790,8.145,13983.141650390626
791,8.155,13849.419130859374
792,8.165000000000001,13387.102841796876
793,8.175,13287.14275390625
794,8.185,12875.4390234375
795,8.194999999999999,12321.9993359375
796,8.205,11954.234296875002
797,8.215,11555.054531250002
798,8.225,11205.370454101563
799,8.235000000000001,11091.621342773436
800,8.245000000000001,11043.762739257812
801,8.255,11295.387573242188
802,8.264999999999999,11171.884096679687
803,8.275,10878.044135742188
804,8.285000000000002,10731.673413085939
805,8.295,10721.82833496094
806,8.305,11007.492514648437
807,8.315,10723.976655273436
808,8.325000000000001,10596.71520996094
809,8.335,10562.605249023438
810,8.344999999999999,10337.148950195311
811,8.354999999999999,10168.065834960937
812,8.365000000000002,10000.536850585939
813,8.375,9885.188198242187
814,8.384999999999998,9802.5868359375
815,8.395,9919.301928710938
816,8.405000000000001,9894.661108398437
817,8.415,9932.831870117188
818,8.425,9890.425620117188
819,8.435000000000002,9796.900698242187
820,8.445,9776.095346679687
821,8.454999999999998,9739.404370117187
822,8.465000000000002,9759.933393554687
823,8.475000000000001,9740.68624511719
824,8.485,9608.81129150391
825,8.495,9532.19889404297
826,8.505,9516.339020996094
827,8.515,9878.946950683594
828,8.524999999999999,9729.281325683593
829,8.535,9786.176755371094
830,8.545,9598.557790527344
831,8.555,9839.468625488282
832,8.565000000000001,9731.778703613281
833,8.575,9761.965832519532
834,8.584999999999999,9560.234650878909
835,8.595,9416.694025878907
836,8.605,9256.651105957033
837,8.614999999999998,8908.596545410157
838,8.625,8877.042775878906
839,8.635000000000002,8862.202150878908
840,8.645,8720.126857910156
841,8.655,8589.394826660155
842,8.665000000000003,8516.089670410156
843,8.675,8486.352102050781
844,8.684999999999999,8379.27094970703
845,8.694999999999999,8360.604543457033
846,8.705000000000002,8258.289816894532
847,8.715,8381.458371582032
848,8.724999999999998,8617.94709716797
849,8.735000000000001,8726.331540527344
850,8.745000000000001,8747.298488769533
851,8.754999999999999,8649.615402832032
852,8.764999999999999,8606.619299316408
853,8.775,8489.181330566407
854,8.785,8570.253498535158
855,8.794999999999998,8515.849240722659
856,8.805,8334.857912597658
857,8.815,8528.227502441407
858,8.825000000000001,8270.084475097658
859,8.835,8031.745178222657
860,8.845,8069.0028540039075
861,8.855,8080.961750488283
862,8.865,8057.954836425783
863,8.875,7809.091320800781
864,8.885,8069.518190917968
865,8.895,7999.242966308593
866,8.905000000000001,7916.838210449218
867,8.915,7910.3788549804685
868,8.924999999999999,7778.812038574218
869,8.935000000000002,7699.0878002929685
870,8.945,7490.004831542969
871,8.954999999999998,7472.940944824219
872,8.965,7415.651003417968
873,8.975000000000001,7299.269050292968
874,8.985,7430.13162109375
875,8.995,7363.9296044921875
876,9.005,7264.358471679688
877,9.015,6946.125932617188
878,9.024999999999999,6915.979028320312
879,9.035,6602.213403320312
880,9.045000000000002,6681.249125976562
881,9.055,6543.0802001953125
882,9.065000000000001,6472.154770507813
883,9.075000000000001,6394.675083007814
884,9.085,6549.529467773438
885,9.094999999999999,6496.611108398438
886,9.105,6516.463002929688
887,9.115,6550.759487304687
888,9.125,6623.749526367187
889,9.135,6426.276635742188
890,9.145,6348.903061523438
891,9.155,6328.099174804687
892,9.165,6242.954013671874
893,9.175,6308.032373046874
894,9.184999999999999,6360.324267578125
895,9.194999999999999,6347.619658203125
896,9.205000000000002,6335.90205078125
897,9.215,6256.42306640625
898,9.224999999999998,6058.096044921875
899,9.235000000000001,5860.63623046875
900,9.245000000000001,5862.232875976562
901,9.254999999999999,5719.564555664062
902,9.265,5614.7084765625
903,9.275000000000002,5666.208154296876
904,9.285,5519.390009765626
905,9.294999999999998,5602.518642578125
906,9.305000000000001,5596.494052734375
907,9.315000000000001,5368.689194335938
908,9.325,5387.146430664063
909,9.335,5481.054916992187
910,9.345,5501.235571289062
911,9.355,5451.440825195312
912,9.364999999999998,5396.845239257813
913,9.375,5360.796313476563
914,9.385,5118.783793945312
915,9.395,5157.314262695312
916,9.405000000000001,5334.849956054688
917,9.415,5383.557114257812
918,9.424999999999999,5540.908989257812
919,9.435,5457.554086914062
920,9.445,5447.79455810547
921,9.455,5399.740104980469
922,9.465,5343.202946777345
923,9.475000000000001,5404.462712402345
924,9.485,5391.495173339844
925,9.495,5490.975183105469
926,9.505,5768.670417480468
927,9.515,5786.193278808593
928,9.524999999999999,5951.169147949218
929,9.534999999999998,5970.214650878906
930,9.545000000000002,5781.3903930664055
931,9.555,5819.2336938476565
932,9.564999999999998,5764.71059326172
933,9.575000000000001,5894.3105737304695
934,9.585,5855.738581542969
935,9.594999999999999,5883.7951147460935
936,9.605,5858.152370605469
937,9.615,5906.786149902343
938,9.625,5805.773395996092
939,9.635,5951.078864746093
940,9.645000000000001,6008.024831542969
941,9.655000000000001,6053.670895996094
942,9.665,6035.919221191407
943,9.675,5984.9066235351565
944,9.685,5949.846682128907
945,9.695,5833.667062988281
946,9.705,5993.724084472657
947,9.715,5973.711955566407
948,9.725,6003.729514160157
949,9.735000000000001,6142.898410644531
950,9.745000000000001,6158.054436035157
951,9.754999999999999,6116.478879394531
952,9.764999999999999,6119.499328613281
953,9.775,6145.876164550782
954,9.785,6027.032785644532
955,9.794999999999998,5947.453449707032
956,9.805,5867.932907714844
957,9.815000000000001,5879.743898925782
958,9.825,6060.127229003906
959,9.835,6177.948312988282
960,9.845,6251.214719238282
961,9.855,6280.231545410157
962,9.864999999999998,6254.57162109375
963,9.875000000000002,6372.79708984375
964,9.885000000000002,6503.031328124999
965,9.895,6641.261279296874
966,9.905,6862.345712890625
967,9.915000000000001,6736.781540527343
968,9.925,6595.624851074219
969,9.934999999999999,6719.774792480469
970,9.945,6749.136342773437
971,9.955,6921.513979492187
972,9.965,7065.240532226562
973,9.975000000000001,6896.5796337890615
974,9.985,6741.672954101563
975,9.995,6685.214497070313
976,10.005,6609.061665039063
977,10.015,6547.1634130859375
978,10.024999999999999,6412.252260742188
979,10.034999999999998,6573.718984375
980,10.045000000000002,6620.929663085937
981,10.055,6528.780639648438
982,10.065,6494.1108361816405
983,10.075000000000003,6422.31710571289
984,10.085,6199.625152587891
985,10.094999999999999,6404.737642822265
986,10.104999999999999,6715.757720947265
987,10.115000000000002,6705.73794555664
988,10.125,6804.29419555664
989,10.134999999999998,6735.053009033203
990,10.145000000000001,6793.966671142577
991,10.155000000000001,6808.714649658203
992,10.165,6809.985997314453
993,10.174999999999999,6700.108287353516
994,10.185,6818.289127197266
995,10.195,6971.116715087891
996,10.204999999999998,6836.298463134765
997,10.215,6808.937872314453
998,10.225,6704.430186767579
999,10.235000000000001,6685.484932861328
1000,10.245000000000001,7006.219425048828
1001,10.255,7101.247325439454
1002,10.265,7377.084332275391
1003,10.275,7297.538748779297
1004,10.285,7297.538748779298
1005,10.295,7094.5813659667965
1006,10.305,7182.2584313964835
1007,10.315000000000001,7307.115521240235
1008,10.325,7140.780521240235
1009,10.334999999999999,6964.101282958985
1010,10.345000000000002,7176.638822021485
1011,10.355,7094.360220947266
1012,10.364999999999998,7161.039188232422
1013,10.375,7184.040008544922
1014,10.385000000000002,7426.726571044921
1015,10.395,7399.202508544922
1016,10.404999999999998,7015.359197998047
1017,10.415000000000001,6980.561895751953
1018,10.425,6973.407725830078
1019,10.434999999999999,6925.823990478515
1020,10.445,6873.7807580566405
1021,10.455,6923.05351196289
1022,10.465,6815.847652587891
1023,10.474999999999998,6815.8476525878905
1024,10.485000000000001,6932.000924072266
1025,10.495000000000001,7042.925269775391
1026,10.504999999999999,7047.397906494141
1027,10.515,7204.259703369142
1028,10.525,7214.382320556641
1029,10.535,7145.352310791016
1030,10.545000000000002,7150.227579345703
1031,10.555,7197.049591064452
1032,10.565,7322.497827148438
1033,10.575,7294.980083007813
1034,10.585,7643.969340820313
1035,10.594999999999999,7357.9591064453125
1036,10.604999999999999,6993.284653320312
1037,10.615000000000002,7108.026987304688
1038,10.625,6860.253432617188
1039,10.634999999999998,6952.653837890625
1040,10.645000000000003,7050.589248046875
1041,10.655000000000001,6942.379746093749
1042,10.665,7153.249179687499
1043,10.675,7264.072944335938
1044,10.685000000000002,7030.309643554688
1045,10.695,7115.792651367188
1046,10.704999999999998,7186.083403320313
1047,10.715000000000002,7301.612177734375
1048,10.725000000000001,7470.494794921875
1049,10.735,7525.110986328124
1050,10.745000000000001,7204.469301757814
1051,10.755,7266.851254882814
1052,10.765,6956.993774414063
1053,10.774999999999999,7056.6997973632815
1054,10.785,7056.6997973632815
1055,10.795,7125.9837329101565
1056,10.805,7106.054123535156
1057,10.815000000000001,7127.934025878906
1058,10.825,7136.523986816407
1059,10.834999999999999,7175.561604003907
1060,10.845,7084.9626977539065
1061,10.855,7106.999775390625
1062,10.865,7452.823037109375
1063,10.875,7441.256787109374
1064,10.885000000000002,7197.651279296875
1065,10.895,7094.354716796875
1066,10.905,7355.209062500001
1067,10.915000000000001,7612.012460937501
1068,10.925,7547.719240722656
1069,10.934999999999999,7664.929948730468
1070,10.944999999999999,7804.694304199218
1071,10.955000000000002,7825.2621948242195
1072,10.965,8039.312077636719
1073,10.974999999999998,8307.20946044922
1074,10.985000000000001,8191.056188964843
1075,10.995000000000001,8080.545529785156
1076,11.004999999999999,7874.5304907226555
1077,11.014999999999999,7934.930197753906
1078,11.025,8113.976975097657
1079,11.035,8002.4947583007815
1080,11.045,7950.408811035157
1081,11.055000000000001,7935.521516113281
1082,11.065000000000001,8044.474934082032
1083,11.075,8212.235529785157
1084,11.085,8161.628400878906
1085,11.095,8419.096213378905
1086,11.105,8476.52198486328
1087,11.115,8520.324973144532
1088,11.125,8754.684562988283
1089,11.135,9018.956164550784
1090,11.145,9155.580109863282
1091,11.155000000000001,9261.657697753906
1092,11.165,9226.485139160157
1093,11.174999999999999,9235.703098144531
1094,11.185,9714.951652832031
1095,11.195,9630.618898925783
1096,11.204999999999998,9493.271613769532
1097,11.215,9375.508264160157
1098,11.225000000000001,9548.798928222655
1099,11.235,9585.526936035158
1100,11.245000000000001,9920.49022216797
1101,11.255000000000003,10164.172644042968
1102,11.265,10292.474255371093
1103,11.274999999999999,10454.014997558594
1104,11.285,10672.686052246094
1105,11.295000000000002,10752.024606933594
1106,11.305,11088.749118652344
1107,11.314999999999998,11015.453259277343
1108,11.325000000000001,11066.825681152342
1109,11.335,11549.845349121093
1110,11.344999999999999,11210.260817871093
1111,11.355,11387.855319824217
1112,11.365,11406.757937011718
1113,11.375,11414.777741699218
1114,11.385,11334.345612792968
1115,11.395,11292.864040527345
1116,11.405,11111.239841308594
1117,11.415000000000001,11144.119157714842
1118,11.425,11262.083676757813
1119,11.434999999999999,11282.341997070314
1120,11.444999999999999,11447.927016601563
1121,11.455000000000002,11541.217758789062
1122,11.465,11304.775834960938
1123,11.475,11270.369428710937
1124,11.485000000000003,11578.432670898437
1125,11.495000000000001,11620.953037109373
1126,11.504999999999999,11727.801953125
1127,11.515,11840.056269531247
1128,11.525000000000002,11720.920468749999
1129,11.535,12016.671875
1130,11.544999999999998,12518.913203125
1131,11.555000000000001,12592.422685546875
1132,11.565000000000001,12447.448369140626
1133,11.575,12200.228593750002
1134,11.584999999999997,12110.10802734375
1135,11.595,11958.80447265625
1136,11.605,12126.991689453123
1137,11.614999999999998,12161.282314453127
1138,11.625,12294.489794921874
1139,11.635,12117.712685546874
1140,11.645,12091.398447265625
1141,11.655000000000001,12134.134111328125
1142,11.665000000000001,12165.803251953124
1143,11.675,12047.473820800782
1144,11.685,11909.602727050782
1145,11.695,11864.735666503908
1146,11.705,12089.968420410158
1147,11.715,12662.673020019532
1148,11.725000000000001,13104.955676269534
1149,11.735,13090.375754394534
1150,11.745,12854.380832519533
1151,11.755000000000003,12581.991945800783
1152,11.765,12643.418850097656
1153,11.774999999999999,12691.858928222657
1154,11.784999999999998,12923.352404785159
1155,11.795000000000002,13104.245773925782
1156,11.805,13215.79249267578
1157,11.814999999999998,13597.754855957031
1158,11.825000000000001,13599.610324707031
1159,11.835,13151.061340332031
1160,11.844999999999999,13487.30094970703
1161,11.855,13608.248762207031
1162,11.865000000000002,13284.362062988283
1163,11.875,13364.294270019533
1164,11.884999999999998,13799.289562988282
1165,11.895000000000001,14102.582502441406
1166,11.905000000000001,14203.986604003905
1167,11.915,14358.729670410155
1168,11.925,14646.782219238281
1169,11.935,14914.991516113281
1170,11.945,14698.15567626953
1171,11.955000000000002,15117.30762939453
1172,11.965,15228.521076660156
1173,11.975,15492.239123535153
1174,11.985,15516.784670410156
1175,11.995000000000001,15579.779475097657
1176,12.004999999999999,15694.593332519531
1177,12.014999999999999,15593.068820800781
1178,12.025000000000002,15806.309465332033
1179,12.035,16359.590246582033
1180,12.044999999999998,16283.221262207031
1181,12.055000000000001,16352.803605957031
1182,12.065000000000001,16622.52307861328
1183,12.075,17199.952131347658
1184,12.084999999999999,17341.75967041016
1185,12.095000000000002,17655.59693603516
1186,12.105,17862.350979003906
1187,12.114999999999998,17902.809299316406
1188,12.125000000000002,17701.977385253907
1189,12.135000000000002,17584.053225097658
1190,12.145,17520.691506347655
1191,12.155,17373.004309082033
1192,12.165000000000001,17312.225109863284
1193,12.175,17705.156914062503
1194,12.184999999999999,17419.545263671876
1195,12.194999999999999,17606.399921875003
1196,12.205,17732.3437109375
1197,12.215,17207.24534179687
1198,12.225,16913.595810546874
1199,12.235,17006.907919921876
1200,12.245,17312.251552734375
1201,12.255,17465.906845703128
1202,12.265,17788.858720703123
1203,12.275,17681.366650390624
1204,12.285,17437.935166015628
1205,12.295000000000002,17757.10633789063
1206,12.305,17796.918916015627
1207,12.315,17529.867041015623
1208,12.325000000000001,17564.275693359374
1209,12.335,17930.334365234372
1210,12.344999999999999,17790.847216796876
1211,12.354999999999999,18150.245146484376
1212,12.365000000000002,18344.157041015627
1213,12.375,18283.927861328124
1214,12.384999999999998,17947.089736328126
1215,12.395000000000001,17924.89946289063
1216,12.405000000000001,18279.18481445313
1217,12.415,18084.420556640627
1218,12.424999999999999,17865.474560546874
1219,12.435,17615.894755859375
1220,12.445,18405.177626953126
1221,12.455,17907.972119140628
1222,12.465000000000002,17960.63270507813
1223,12.475000000000001,17803.791025390627
1224,12.485,18089.65567382813
1225,12.495000000000001,18477.047998046877
1226,12.505,18458.167958984377
1227,12.515,18481.356123046877
1228,12.524999999999999,18329.313310546873
1229,12.535,17998.786435546874
1230,12.545,17795.29061523438
1231,12.555,17789.974716796874
1232,12.565000000000001,17587.644228515626
1233,12.575,17465.780244140624
1234,12.584999999999999,17468.354111328124
1235,12.595,17635.82157226562
1236,12.605,17738.73829101562
1237,12.614999999999998,17400.429838867185
1238,12.624999999999998,17537.319877929684
1239,12.635000000000002,17877.501733398436
1240,12.645,18240.439956054688
1241,12.654999999999998,18714.656469726564
1242,12.665000000000001,18699.646469726562
1243,12.675,18486.189985351564
1244,12.684999999999999,18872.725854492186
1245,12.694999999999999,18864.39706542969
1246,12.705000000000002,19024.05839355469
1247,12.715,18906.955468750002
1248,12.725,19082.4415625
1249,12.735000000000001,19187.2991015625
1250,12.745000000000001,19185.5537890625
1251,12.754999999999999,19477.294765625
1252,12.764999999999999,19000.995625
1253,12.775,19225.9984765625
1254,12.785,19324.46564453125
1255,12.794999999999998,19087.40361328125
1256,12.805,18991.13353515625
1257,12.815,18850.234531250004
1258,12.825,18943.569394531252
1259,12.835,18971.651972656255
1260,12.844999999999999,19138.07123046875
1261,12.854999999999999,18720.5210546875
1262,12.865000000000002,18446.17556640625
1263,12.875,18901.0605859375
1264,12.885,19027.39359375
1265,12.895,19037.9414453125
1266,12.905000000000001,18754.895585937502
1267,12.915,18688.2786328125
1268,12.924999999999999,18871.855800781253
1269,12.935000000000002,19121.53935546875
1270,12.945,18725.13560546875
1271,12.954999999999998,19220.51470703125
1272,12.965000000000002,19099.77373046875
1273,12.975000000000001,19201.43654296875
1274,12.985,18851.180898437502
1275,12.994999999999997,18726.925664062503
1276,13.005,18704.974414062504
1277,13.015,18587.584521484376
1278,13.024999999999999,18521.419873046878
1279,13.035,18605.283974609378
1280,13.045,18880.161201171875
1281,13.055,19179.698076171877
1282,13.065,19185.79778320313
1283,13.075000000000001,19243.893017578128
1284,13.085,19269.85879882813
1285,13.094999999999999,18852.540751953125
1286,13.104999999999999,18785.531689453124
1287,13.115,19069.012895507814
1288,13.125,19412.962231445315
1289,13.135000000000002,19172.656801757814
1290,13.145,18622.112065429686
1291,13.155,18574.885307617187
1292,13.165000000000001,18959.847065429687
1293,13.175,19299.180581054687
1294,13.184999999999999,19113.093276367184
1295,13.194999999999999,19296.435346679686
1296,13.205000000000002,19334.856713867186
1297,13.215,19734.921289062502
1298,13.224999999999998,19211.17750976563
1299,13.235000000000001,19102.326083984375
1300,13.245000000000001,18825.848955078127
1301,13.254999999999999,18478.267568359373
1302,13.265,18811.57428710937
1303,13.275,18909.470302734375
1304,13.285,18848.283916015625
1305,13.294999999999998,18832.058759765627
1306,13.305000000000001,18778.041572265625
1307,13.315000000000001,19201.088388671873
1308,13.325,19293.498623046875
1309,13.334999999999999,18910.500673828126
1310,13.345,18837.309619140622
1311,13.355,18963.689091796874
1312,13.364999999999998,19057.56973632813
1313,13.375,18783.22676757813
1314,13.385,18619.146103515624
1315,13.395,18341.38595703125
1316,13.405000000000001,18375.65931640625
1317,13.415,18458.70693359375
1318,13.424999999999999,18265.458417968748
1319,13.435,18259.076230468752
1320,13.445,17990.33884765625
1321,13.454999999999998,17631.61025390625
1322,13.464999999999998,17663.33658203125
1323,13.475000000000001,17985.32431640625
1324,13.485,18252.7572265625
1325,13.495,18105.01513671875
1326,13.505,18325.279433593747
1327,13.515,18419.986142578124
1328,13.524999999999999,18729.24665039062
1329,13.535,18259.33052734375
1330,13.545000000000002,18132.093339843756
1331,13.555,17819.769101562502
1332,13.564999999999998,17966.587246093753
1333,13.575000000000001,17982.85701171875
1334,13.585,18005.12615234375
1335,13.594999999999999,18163.894589843752
1336,13.604999999999997,18042.930292968755
1337,13.615,17885.92541015625
1338,13.625,17483.79052734375
1339,13.635,17472.67353515625
1340,13.645,17885.622607421876
1341,13.655,17616.897177734376
1342,13.665000000000001,17341.198603515626
1343,13.675,17459.351416015626
1344,13.685,17454.013642578124
1345,13.695,17206.751630859377
1346,13.705000000000002,17017.465771484374
1347,13.715,16827.736357421876
1348,13.725,16770.647363281252
1349,13.735000000000001,17012.647421875
1350,13.745000000000001,16919.568896484376
1351,13.754999999999999,16719.61305664063
1352,13.765,16706.935322265625
1353,13.775000000000002,16592.477001953128
1354,13.785,16644.851591796876
1355,13.794999999999998,16340.201064453127
1356,13.805000000000001,16127.476728515625
1357,13.815000000000001,15670.54505859375
1358,13.825,15448.80759765625
1359,13.834999999999997,15390.826494140625
1360,13.845,15415.605869140625
1361,13.855,15282.892568359375
1362,13.864999999999998,15421.544482421874
1363,13.875,15214.088261718749
1364,13.885,15285.824433593749
1365,13.895,15462.970849609375
1366,13.905,15743.074052734375
1367,13.915000000000001,15886.456708984377
1368,13.925,16079.854326171875
1369,13.934999999999999,15881.375556640623
1370,13.945,15944.520908203125
1371,13.955,15522.510839843751
1372,13.965,15606.307656250001
1373,13.975000000000001,15013.321015625
1374,13.985,14818.276914062499
1375,13.995,14780.65220703125
1376,14.004999999999999,14379.55642578125
1377,14.015,14407.06572265625
1378,14.024999999999999,14379.39400390625
1379,14.034999999999998,14470.970751953124
1380,14.045000000000002,14191.9076953125
1381,14.055,14437.386621093752
1382,14.064999999999998,14433.78328125
1383,14.075,14247.565390624999
1384,14.085,14269.006914062498
1385,14.094999999999999,14289.59578125
1386,14.104999999999999,14099.7688671875
1387,14.115,13939.134194335938
1388,14.125,13998.938334960938
1389,14.134999999999998,14022.182924804689
1390,14.145000000000001,14089.684057617189
1391,14.155000000000001,14231.001987304688
1392,14.165,14311.673295898436
1393,14.175,13987.113374023438
1394,14.185,13948.982670898438
1395,14.195,14213.313940429689
1396,14.205,14212.00585449219
1397,14.215,14625.650659179688
1398,14.225,14872.568081054687
1399,14.235,14596.763374023436
1400,14.245000000000001,14800.431645507813
1401,14.254999999999999,15039.138325195316
1402,14.264999999999999,14857.425278320314
1403,14.275000000000002,14804.278520507814
1404,14.285,15408.977758789062
1405,14.295,15731.278715820315
1406,14.305,15771.123559570313
1407,14.315000000000001,16026.888823242187
1408,14.325,15933.712075195315
1409,14.334999999999999,15971.010903320313
1410,14.345,15926.016645507812
1411,14.355,15886.406118164063
1412,14.364999999999998,15896.271645507813
1413,14.375000000000002,16197.53712402344
1414,14.385000000000002,16215.423178710938
1415,14.395,16344.783862304688
1416,14.404999999999998,15922.387768554689
1417,14.415000000000001,16061.193862304688
1418,14.425,15967.966538085937
1419,14.434999999999999,15955.967749023437
1420,14.444999999999999,15769.775883789063
1421,14.455,15949.908295898438
1422,14.465,16135.631596679688
1423,14.475,16145.365073242188
1424,14.485000000000001,16090.952709960939
1425,14.495000000000001,16030.799916992188
1426,14.504999999999999,16164.870317382813
1427,14.514999999999999,16174.768403320311
1428,14.525,16176.946958007813
1429,14.535,16399.863911132812
1430,14.545000000000002,16642.14478027344
1431,14.555,16154.850644531249
1432,14.565,16189.97626953125
1433,14.575000000000001,16004.4578515625
1434,14.585,15777.2775
1435,14.594999999999999,15629.978945312501
1436,14.604999999999999,15560.698291015626
1437,14.615,16154.047475585936
1438,14.625,16015.009409179687
1439,14.634999999999998,16006.097827148438
1440,14.645000000000001,15896.191030273438
1441,14.655000000000001,16236.276303710938
1442,14.665,16435.055209960938
1443,14.675,16218.25208496094
1444,14.685000000000002,16354.01591308594
1445,14.695,16043.731342773439
1446,14.704999999999998,16082.251420898436
1447,14.715000000000002,15648.621811523437
1448,14.725000000000001,15495.011713867189
1449,14.735,15401.404936523439
1450,14.745,15187.922651367186
1451,14.755,15310.171909179688
1452,14.765,15312.259194335937
1453,14.775,15103.219370117187
1454,14.785,14474.23724121094
1455,14.795,14061.186967773438
1456,14.805,14156.827670898438
1457,14.815000000000001,14170.057280273437
1458,14.825,14331.212895507813
1459,14.834999999999999,14651.41726074219
1460,14.845,14564.199799804688
1461,14.855,14700.114799804687
1462,14.864999999999998,14750.736069335937
1463,14.874999999999998,14580.656362304688
1464,14.885000000000002,14639.801440429688
1465,14.895,14800.01870605469
1466,14.905,14615.850035400394
1467,14.915000000000001,14632.798863525391
1468,14.925,14487.604156494139
1469,14.934999999999999,14572.66347290039
1470,14.945,14624.542271728516
1471,14.955000000000002,14785.458756103517
1472,14.965,14399.121099853517
1473,14.974999999999998,14641.971138916015
1474,14.985000000000001,14535.839771728517
1475,14.995000000000001,14521.559322509767
1476,15.004999999999999,14652.94599243164
1477,15.014999999999997,14569.69970336914
1478,15.025,14266.823355712891
1479,15.035,14233.63370727539
1480,15.045,14090.40534790039
1481,15.055,14506.50139770508
1482,15.065,14150.105499267578
1483,15.075000000000001,14291.07446411133
1484,15.085,14466.11532348633
1485,15.095,14486.880870361329
1486,15.105,14857.028829345703
1487,15.115,14514.914063720704
1488,15.125,14722.411895751953
1489,15.135,14689.202149658204
1490,15.145000000000001,14602.042188720705
1491,15.155000000000001,14166.835235595701
1492,15.165,13746.412462158205
1493,15.175,13611.834415283203
1494,15.185000000000002,13541.684571533204
1495,15.195,13395.436807861332
1496,15.204999999999998,13446.692042236331
1497,15.215,13489.60315551758
1498,15.225000000000001,13685.783370361329
1499,15.235,13619.615303955077
1500,15.244999999999997,13960.114073486327
1501,15.255,13735.607432861327
1502,15.265,13761.937882080078
1503,15.274999999999999,13803.81823364258
1504,15.285,14087.72481567383
1505,15.295000000000002,14334.071417236328
1506,15.305,14575.695987548828
1507,15.314999999999998,14361.707139892578
1508,15.325000000000001,14151.648087158203
1509,15.335,13997.424259033203
1510,15.344999999999999,14433.620665283202
1511,15.355,14455.524337158204
1512,15.365,14503.318946533203
1513,15.375,14472.935567626953
1514,15.385000000000002,14605.870411376953
1515,15.395,14074.926563720705
1516,15.405,14513.260781250001
1517,15.415,14160.30615234375
1518,15.425,14117.295527343751
1519,15.434999999999999,13766.74767578125
1520,15.444999999999999,14168.661757812499
1521,15.455000000000002,13772.194492187498
1522,15.465,14020.801484375
1523,15.474999999999998,13762.519609375002
1524,15.485000000000001,13832.613300781251
1525,15.495000000000001,13825.3463671875
1526,15.504999999999999,13685.4317578125
1527,15.514999999999999,14127.669531250001
1528,15.525,14150.38603515625
1529,15.535,14015.383183593749
1530,15.544999999999998,14135.36455078125
1531,15.555000000000001,13856.899941406251
1532,15.565000000000001,13913.117163085937
1533,15.575,13822.266381835936
1534,15.585,13628.513881835936
1535,15.595,13791.837553710937
1536,15.605,13415.864399414062
1537,15.615,13495.972524414063
1538,15.625,13229.354633789064
1539,15.635,13474.577700195314
1540,15.645,13215.080668945313
1541,15.655000000000001,13192.296567382813
1542,15.665,13068.130947265625
1543,15.674999999999999,13068.130947265627
1544,15.685000000000002,13339.681298828125
1545,15.695,13534.763242187499
1546,15.705,13200.518515624999
1547,15.715,13102.637216796875
1548,15.725000000000001,12878.596357421875
1549,15.735,12798.81416015625
1550,15.745,12575.3584765625
1551,15.755,12582.165566406251
1552,15.765,12767.21025390625
1553,15.774999999999999,12543.6161328125
1554,15.785,12316.445937499999
1555,15.795000000000002,12247.31923828125
1556,15.805,11956.2278125
1557,15.814999999999998,11955.948896484375
1558,15.825000000000001,12118.29798828125
1559,15.835,12321.46521484375
1560,15.844999999999999,11898.604687500001
1561,15.854999999999997,11631.14359375
1562,15.865,11599.458671875
1563,15.875,11506.123173828126
1564,15.884999999999998,11420.804658203126
1565,15.895000000000001,11594.959365234376
1566,15.905000000000001,11387.401923828127
1567,15.915,11489.579130859376
1568,15.924999999999999,11642.090126953124
1569,15.935,12205.845478515625
1570,15.945,12009.549072265625
1571,15.955000000000002,12151.663154296875
1572,15.965,12090.981357421877
1573,15.975,12049.85201171875
1574,15.985000000000001,12297.20947265625
1575,15.995000000000001,12256.333125000001
1576,16.005,12479.200781250001
1577,16.014999999999997,11937.48669921875
1578,16.025000000000002,12130.16416015625
1579,16.035,12052.0461328125
1580,16.044999999999998,11742.05875
1581,16.055,11949.9339453125
1582,16.065,12313.145161132812
1583,16.075,12150.369428710937
1584,16.084999999999997,12027.107583007813
1585,16.095,11787.149829101563
1586,16.105,12029.602163085938
1587,16.115,11977.148491210939
1588,16.125,12182.818959960936
1589,16.135,12080.665366210938
1590,16.145,12298.55724121094
1591,16.155,12498.185405273438
1592,16.165,12912.438330078125
1593,16.175,12912.438330078125
1594,16.185000000000002,12484.33123046875
1595,16.195,12694.08466796875
1596,16.205,13090.71509765625
1597,16.215,12989.235937500001
1598,16.225,13080.657929687499
1599,16.235,13147.490595703122
1600,16.244999999999997,13307.242763671873
1601,16.255000000000003,13116.557143554686
1602,16.265,12727.797534179686
1603,16.275,13081.619487304688
1604,16.285,13244.213666992187
1605,16.295,13293.34970214844
1606,16.305,13278.967866210938
1607,16.314999999999998,13381.829418945314
1608,16.325,13405.075766601563
1609,16.335,13051.370473632815
1610,16.345000000000002,13062.365258789063
1611,16.355,13434.246469726562
1612,16.365000000000002,13538.309282226563
1613,16.375,13597.641772460938
1614,16.384999999999998,13518.037436523437
1615,16.395,13333.152607421875
1616,16.404999999999998,13355.681455078126
1617,16.415,13193.202734375001
1618,16.425,13124.66103515625
1619,16.435000000000002,12671.691591796876
1620,16.445,12656.028974609375
1621,16.455,12591.940356445311
1622,16.465,12309.022661132813
1623,16.474999999999998,12508.209252929688
1624,16.485,12214.856870117186
1625,16.495000000000005,12320.874858398438
1626,16.505000000000003,12227.65286621094
1627,16.515,12732.426479492187
1628,16.525000000000002,12620.770424804687
1629,16.535,12692.156811523437
1630,16.544999999999998,12992.040502929689
1631,16.555,13029.59151855469
1632,16.565,12610.163081054689
1633,16.575000000000003,12713.636489257813
1634,16.585,13176.528178710938
1635,16.595000000000002,13344.636459960939
1636,16.605,13385.92755371094
1637,16.615,13348.241674804689
1638,16.624999999999996,13232.63960449219
1639,16.634999999999998,13127.153081054688
1640,16.645,13176.625151367189
1641,16.655,12916.72433105469
1642,16.665,12667.76089355469
1643,16.675,12817.02624511719
1644,16.685,12999.438383789065
1645,16.695,12593.028754882813
1646,16.705,12334.117583007812
1647,16.715,12464.54798339844
1648,16.725000000000005,12415.39091308594
1649,16.735000000000003,12562.290620117186
1650,16.745,12353.782631835938
1651,16.755,12456.242451171876
1652,16.765,12683.194970703127
1653,16.775,12568.492431640627
1654,16.784999999999997,12196.377373046875
1655,16.795,12457.641982421876
1656,16.805000000000003,12381.700634765626
1657,16.815,12231.188583984378
1658,16.825,11996.257587890626
1659,16.835,12078.930693359376
1660,16.845,12089.086005859375
1661,16.854999999999997,11591.786591796874
1662,16.865,11222.53751953125
1663,16.875,11275.11912109375
1664,16.885,11142.24166015625
1665,16.895000000000003,11253.047778320311
1666,16.905,11145.751372070312
1667,16.915,11120.873881835936
1668,16.924999999999997,11152.012377929686
1669,16.934999999999995,11336.736977539062
1670,16.945,11056.331445312499
1671,16.955000000000002,11313.051411132812
1672,16.965000000000003,11584.724340820312
1673,16.975,11824.616430664062
1674,16.985,12073.818930664063
1675,16.995,11943.845327148438
1676,17.005,11996.844897460936
1677,17.014999999999997,11572.505815429688
1678,17.025,11666.753432617188
1679,17.035000000000004,11513.257631835937
1680,17.045,11563.988315429686
1681,17.055,11255.886391601562
1682,17.065,11400.331079101563
1683,17.075,11256.189760742187
1684,17.085,10965.52981933594
1685,17.095,10917.671850585939
1686,17.105000000000004,10866.973159179688
1687,17.115000000000002,10778.977631835938
1688,17.125,10973.57255371094
1689,17.135,10998.386909179688
1690,17.145,10829.395756835936
1691,17.154999999999998,11152.670795898437
1692,17.165,11064.674838867186
1693,17.175,10998.237885742186
1694,17.185000000000002,11126.673823242185
1695,17.195,11259.663999023434
1696,17.205000000000002,11110.517065429685
1697,17.215,11185.519018554687
1698,17.224999999999998,11180.381713867188
1699,17.235,11092.927592773438
1700,17.244999999999997,11106.084506835938
1701,17.255,11215.442436523435
1702,17.265,11231.074741210936
1703,17.275000000000002,11314.416635742187
1704,17.285,11458.68606933594
1705,17.294999999999998,11108.791108398438
1706,17.305,11372.723608398437
1707,17.314999999999998,11334.968500976564
1708,17.325,11533.279750976564
1709,17.335000000000004,11482.410805664063
1710,17.345000000000002,11347.599145507813
1711,17.355,11552.301958007813
1712,17.365,11699.369702148437
1713,17.375,12040.23954589844
1714,17.384999999999998,11905.535429687501
1715,17.394999999999996,11842.97818359375
1716,17.405,12204.11302734375
1717,17.415000000000003,12386.2890234375
1718,17.425000000000004,12708.75822265625
1719,17.435000000000002,12767.36318359375
1720,17.445,12825.830180664061
1721,17.455,12647.189614257813
1722,17.464999999999996,12756.810512695314
1723,17.474999999999998,12540.609028320314
1724,17.485,12577.915434570314
1725,17.495000000000005,12610.537827148439
1726,17.505000000000003,12710.721303710938
1727,17.515,12831.088276367189
1728,17.525,12719.797690429687
1729,17.535,12972.664858398437
1730,17.544999999999998,13099.547592773437
1731,17.555,13110.021723632814
1732,17.565,13032.50647949219
1733,17.575000000000003,13289.212778320314
1734,17.585,13448.523461914063
1735,17.595,13435.818676757814
1736,17.605,13565.816000976563
1737,17.615,13569.024399414062
1738,17.624999999999996,13300.829096679689
1739,17.634999999999998,13351.780131835938
1740,17.645000000000003,13236.252587890625
1741,17.655,12810.653085937502
1742,17.665,13103.789980468751
1743,17.675,13297.72962890625
1744,17.685,13338.82744140625
1745,17.695,13257.642460937499
1746,17.705,13340.347832031252
1747,17.715000000000003,13281.717812500001
1748,17.725,13267.283867187502
1749,17.735,13265.27283203125
1750,17.745,13383.738320312501
1751,17.755,13277.377949218751
1752,17.765,13131.144990234377
1753,17.775,13006.100478515627
1754,17.785,13224.287705078126
1755,17.795,13239.585283203125
1756,17.805,12848.919887695314
1757,17.815,12992.985756835938
1758,17.825,12873.281655273438
1759,17.835,12965.70417480469
1760,17.845,13203.710424804689
1761,17.854999999999997,13271.950053710938
1762,17.865,13285.89985839844
1763,17.875000000000004,13038.368139648439
1764,17.885,13184.502236328126
1765,17.895,13558.407841796876
1766,17.905,13197.802099609375
1767,17.915,13235.421416015624
1768,17.924999999999997,12844.931474609375
1769,17.935,12648.400126953127
1770,17.945000000000004,12925.386904296876
1771,17.955000000000002,13430.260244140627
1772,17.965,13343.859814453124
1773,17.974999999999998,13033.712150878906
1774,17.985,12635.015686035156
1775,17.994999999999997,12669.037043457032
1776,18.004999999999995,12359.731594238281
1777,18.015,12437.180578613283
1778,18.025000000000002,12249.137883300782
1779,18.035000000000004,11970.425383300782
1780,18.045,11744.373098144531
1781,18.055,11715.635363769532
1782,18.064999999999998,11723.980871582033
1783,18.074999999999996,11638.757629394533
1784,18.084999999999997,11305.832219238284
1785,18.095,11337.693703613282
1786,18.105000000000004,11019.80485595703
1787,18.115000000000002,11079.178059082033
1788,18.125,11386.632541503908
1789,18.135,11204.65882080078
1790,18.145,11760.615954589843
1791,18.154999999999998,11800.712429199217
1792,18.165,11694.587663574217
1793,18.175000000000004,11666.369499511718
1794,18.185000000000002,11328.840524902344
1795,18.195,11770.248942871094
1796,18.205,11751.594509277344
1797,18.215,11670.216286621095
1798,18.224999999999998,11676.586931152344
1799,18.234999999999996,11792.575212402344
1800,18.245,11611.10373779297
1801,18.255000000000003,11852.30305419922
1802,18.265,11868.92446044922
1803,18.275,11754.61266357422
1804,18.285,11603.500202636718
1805,18.294999999999998,11508.347507324217
1806,18.305,11651.428293457031
1807,18.314999999999998,11717.358996582032
1808,18.325000000000003,12005.73626220703
1809,18.335,11916.17729736328
1810,18.345,12371.314270019531
1811,18.355,12933.820109863282
1812,18.365,12744.667536621095
1813,18.375,12738.027497558594
1814,18.384999999999998,12850.040095214843
1815,18.395,12571.856716308594
1816,18.405000000000005,12603.029860839844
1817,18.415000000000003,12718.396306152345
1818,18.425,12816.229470214843
1819,18.435,12876.463337402341
1820,18.445,12589.582009277343
1821,18.455,12173.444138183593
1822,18.464999999999996,11996.806794433593
1823,18.475,12331.315200195311
1824,18.485000000000003,12453.482407226562
1825,18.495,12444.766293945313
1826,18.505,12622.103813476562
1827,18.515,12491.681430664063
1828,18.525,12813.350571289064
1829,18.534999999999997,12861.918774414062
1830,18.545,12728.029770507814
1831,18.555000000000003,12949.269321289063
1832,18.565,13108.146147460937
1833,18.575000000000003,12915.045854492188
1834,18.585,13296.410209960939
1835,18.595,13276.492475585936
1836,18.604999999999997,13282.391323242187
1837,18.615,13788.094018554688
1838,18.625,13446.740688476562
1839,18.635,13482.665815429687
1840,18.645000000000003,13009.488100585937
1841,18.655,13080.961596679688
1842,18.665,13256.337377929689
1843,18.674999999999997,13434.358823242186
1844,18.684999999999995,13814.875688476564
1845,18.695,13474.376235351563
1846,18.705000000000002,13524.752387695313
1847,18.715000000000003,13689.960747070312
1848,18.725,13987.276977539062
1849,18.735,14048.861938476564
1850,18.745,14071.35476074219
1851,18.755,13963.093901367189
1852,18.764999999999997,14248.620395507813
1853,18.775,14585.08336425781
1854,18.785000000000004,14308.371176757813
1855,18.795,14711.045864257812
1856,18.805,14684.086450195311
1857,18.815,14510.398500976562
1858,18.825,14549.281508789063
1859,18.835,14490.394956054686
1860,18.845,13979.146147460935
1861,18.855,13262.110532226561
1862,18.865000000000002,13540.04009765625
1863,18.875,13502.374628906251
1864,18.885,13432.520468749999
1865,18.895,13652.75443359375
1866,18.904999999999998,13540.790898437503
1867,18.915,13302.57453125
1868,18.925,13300.660996093748
1869,18.935000000000002,13254.357949218751
1870,18.945000000000004,13469.315507812502
1871,18.955000000000002,13352.500263671873
1872,18.965,13451.182373046873
1873,18.974999999999998,13243.17291015625
1874,18.985,13115.823828125003
1875,18.994999999999997,13568.643173828126
1876,19.005,13500.044462890626
1877,19.015000000000004,13472.037978515626
1878,19.025000000000002,13571.175556640626
1879,19.035,13528.883701171877
1880,19.044999999999998,13691.898505859377
1881,19.055,13500.009228515626
1882,19.064999999999998,13420.460673828125
1883,19.074999999999996,13409.979682617186
1884,19.085,13453.582104492189
1885,19.095000000000002,13684.231752929687
1886,19.105000000000004,13704.756225585938
1887,19.115000000000002,13002.2996875
1888,19.125,13012.719560546877
1889,19.134999999999998,13288.964443359377
1890,19.144999999999996,13319.476806640627
1891,19.155,13357.028818359377
1892,19.165000000000003,13314.168896484376
1893,19.175000000000004,12984.307939453127
1894,19.185000000000002,12605.800458984375
1895,19.195,12545.171728515626
1896,19.205,12722.033369140627
1897,19.214999999999996,12601.223486328125
1898,19.224999999999998,12139.05926513672
1899,19.235,12180.20641357422
1900,19.245000000000005,12262.29797607422
1901,19.255000000000003,12140.62410888672
1902,19.265,12049.29815185547
1903,19.275,11732.112888183594
1904,19.284999999999997,12151.360349121096
1905,19.294999999999998,12229.504372558595
1906,19.305,12072.345244140626
1907,19.315,12339.017177734375
1908,19.325000000000003,11923.442204589845
1909,19.335,12173.151296386719
1910,19.345,12107.66557373047
1911,19.355,12399.661892089845
1912,19.365,12235.007399902344
1913,19.374999999999996,12564.431696777345
1914,19.385,12475.627770996096
1915,19.395000000000003,12324.319724121093
1916,19.405,12414.751618652343
1917,19.415,12523.426267089844
1918,19.425,12625.344235839844
1919,19.435,12704.788317871093
1920,19.445,12527.195895996094
1921,19.455,12570.44832763672
1922,19.465,12548.90932373047
1923,19.475,12685.238747558595
1924,19.485,12637.042639160158
1925,19.495,12185.570061035156
1926,19.505,12214.876350097658
1927,19.515,12600.036428222658
1928,19.525,12262.030998535158
1929,19.535,12784.623908691407
1930,19.545000000000005,12651.711740722656
1931,19.555000000000003,12553.04389770508
1932,19.565,12441.778951416018
1933,19.575000000000003,12583.978126220703
1934,19.585,12487.205704345704
1935,19.595,12277.330587158203
1936,19.604999999999997,12191.706124267577
1937,19.615,12501.963131103514
1938,19.625000000000004,12401.888424072265
1939,19.635,12150.478775634767
1940,19.645,12301.192252197266
1941,19.655,12433.150513916016
1942,19.665,12129.046910400391
1943,19.674999999999997,12032.336539306641
1944,19.684999999999995,12275.06128540039
1945,19.695,12189.182608642577
1946,19.705000000000002,12263.231944580077
1947,19.715000000000003,12512.619249267576
1948,19.725,12646.048997802734
1949,19.735,12498.111947021485
1950,19.744999999999997,13071.278724365235
1951,19.754999999999995,12963.335775146483
1952,19.765,12876.415364990235
1953,19.775000000000002,12876.938353271486
1954,19.785000000000004,12684.779915771485
1955,19.795,12309.255482177734
1956,19.805,12339.433145751953
1957,19.815,12193.055177001952
1958,19.825,12334.889798583983
1959,19.834999999999997,12424.031361083984
1960,19.845,12827.906361083986
1961,19.855000000000004,13098.508782958985
1962,19.865000000000002,13059.557806396482
1963,19.875,12758.129544677733
1964,19.885,12918.811966552734
1965,19.895,12823.255364990235
1966,19.904999999999998,13022.677415771486
1967,19.915,13410.817884521484
1968,19.925,13247.576673583984
1969,19.935000000000002,13389.552025146486
1970,19.945,13495.250853271486
1971,19.955,13423.43332397461
1972,19.965,13620.46752319336
1973,19.974999999999998,14003.410218505862
1974,19.985,14013.406990966798
1975,19.995,13955.659168701171
1976,20.005000000000003,14105.129676513672
1977,20.015,13639.834598388672
1978,20.025000000000002,13669.998973388672
1979,20.035,13499.859012451172
1980,20.044999999999998,13643.823621826172
1981,20.055,14153.023125
1982,20.064999999999998,14236.909741210937
1983,20.075,14452.327436523437
1984,20.085,14226.552299804689
1985,20.095,14193.625190429688
1986,20.105,14523.397016601562
1987,20.115,14267.335268554689
1988,20.125,14462.561284179688
1989,20.134999999999998,14471.982475585937
1990,20.145,14272.284682617186
1991,20.155000000000005,14204.825229492188
1992,20.165000000000003,14484.135864257814
1993,20.175,14734.071430664064
1994,20.185000000000002,14530.074614257812
1995,20.195,14820.044716796874
1996,20.205,14486.326396484375
1997,20.214999999999996,14164.306152343752
1998,20.225,14216.6624609375
1999,20.235000000000003,14066.57130859375
2000,20.245000000000005,13545.647753906249
2001,20.255000000000003,13672.683515624998
2002,20.265,13960.92203125
2003,20.275,14003.824638671875
2004,20.284999999999997,14094.680537109374
2005,20.294999999999998,14126.069775390624
2006,20.305,14239.210126953125
2007,20.315,14020.159228515626
2008,20.325000000000003,14510.045400390625
2009,20.335,14281.970322265624
2010,20.345,14222.704970703126
2011,20.355,13917.938173828124
2012,20.365,13883.690693359376
2013,20.375,13761.993017578125
2014,20.385,13970.961259765625
2015,20.395000000000003,14389.946298828127
2016,20.405,14140.794072265626
2017,20.415,13419.937431640625
2018,20.425,13413.285595703126
2019,20.435,13415.910908203125
2020,20.444999999999997,13325.814169921876
2021,20.455,13529.2228515625
2022,20.465000000000003,13380.752499999999
2023,20.475,12893.095859375
2024,20.485,12844.50298828125
2025,20.495,13013.159169921875
2026,20.505,12898.697880859376
2027,20.515,12911.614121093751
2028,20.525,12851.60876953125
2029,20.535,12506.3490625
2030,20.545,12531.27376953125
2031,20.555,12183.983554687502
2032,20.565,12192.597988281252
2033,20.575,11856.833740234377
2034,20.585,11943.801806640628
2035,20.595,12278.645869140626
2036,20.605,12224.612001953124
2037,20.615000000000002,12465.765058593748
2038,20.625,12554.291738281248
2039,20.635,12533.075898437499
2040,20.645,12422.2380078125
2041,20.655,12553.079296875001
2042,20.665,12392.472578125002
2043,20.674999999999997,12319.5031640625
2044,20.685,12429.8893359375
2045,20.695,12351.58162109375
2046,20.705000000000002,12229.733671875
2047,20.715,12426.802900390623
2048,20.725,12349.397792968748
2049,20.735,12747.91732421875
2050,20.744999999999997,12620.821796875001
2051,20.755,12685.9917578125
2052,20.765000000000004,12486.595625
2053,20.775000000000002,12419.667290039064
2054,20.785,12323.261274414064
2055,20.795,12260.502329101562
2056,20.805,12330.051899414062
2057,20.814999999999998,12669.476196289064
2058,20.824999999999996,12097.61796386719
2059,20.835,11836.728745117187
2060,20.845000000000002,11432.007885742187
2061,20.855000000000004,11248.525424804688
2062,20.865000000000002,11452.696928710939
2063,20.875,11247.516264648439
2064,20.884999999999998,11393.11145996094
2065,20.894999999999996,11239.34005371094
2066,20.904999999999998,11112.661967773438
2067,20.915,11447.253569335939
2068,20.925000000000004,11387.57952636719
2069,20.935000000000002,11325.04269042969
2070,20.945,11542.337807617188
2071,20.955,11329.455502929688
2072,20.965,11599.442104492187
2073,20.974999999999998,11541.161274414062
2074,20.985000000000003,11680.625903320311
2075,20.995000000000005,11749.27129394531
2076,21.005000000000003,11708.431079101561
2077,21.015,11660.799643554687
2078,21.025,11936.392690429686
2079,21.035,11903.031625976564
2080,21.044999999999998,12059.706196289062
2081,21.054999999999996,12142.61227050781
2082,21.065,12316.905815429687
2083,21.075000000000003,12504.570434570314
2084,21.085,12606.143364257814
2085,21.095,12117.577543945314
2086,21.105,11967.149418945313
2087,21.115,11806.147338867188
2088,21.125,11971.756674804688
2089,21.134999999999998,11847.047265625002
2090,21.145,11908.323183593751
2091,21.155,11939.01974609375
2092,21.165,11777.212495117188
2093,21.175,11931.489155273439
2094,21.185,11792.923608398438
2095,21.195,11735.557104492187
2096,21.205,12204.86786621094
2097,21.215,12146.24165527344
2098,21.225000000000005,12071.684843750001
2099,21.235000000000003,11892.1198046875
2100,21.245,11861.894667968749
2101,21.255,11890.83482421875
2102,21.265,12068.905371093751
2103,21.275,12288.506264648438
2104,21.284999999999997,12417.48270996094
2105,21.295,12285.687670898438
2106,21.305000000000003,12275.075776367186
2107,21.315,12066.338510742187
2108,21.325,12243.815961914064
2109,21.335,12578.252563476564
2110,21.345,12713.552797851562
2111,21.354999999999997,12639.314516601562
2112,21.365,12524.024125976563
2113,21.375000000000004,12553.56240234375
2114,21.385,11906.745147705078
2115,21.395,11557.158155517578
2116,21.405,11585.944141845705
2117,21.415,11686.345118408204
2118,21.424999999999997,11953.291817626954
2119,21.434999999999995,12113.685841064455
2120,21.445,12106.576856689453
2121,21.455000000000002,12337.670430908202
2122,21.465000000000003,12135.034805908203
2123,21.475,12144.016495361328
2124,21.485,12178.24592895508
2125,21.494999999999997,11930.235133056642
2126,21.504999999999995,11994.043004150391
2127,21.515,12251.417535400393
2128,21.525,12154.38964477539
2129,21.535000000000004,12269.649732666014
2130,21.545,12130.965045166015
2131,21.555,12031.568326416018
2132,21.565,11801.597725830079
2133,21.575,11617.504171142578
2134,21.584999999999997,11299.007989501953
2135,21.595000000000002,11237.795621337891
2136,21.605000000000004,11326.35786743164
2137,21.615000000000002,11283.66644165039
2138,21.625,10968.19196899414
2139,21.635,11009.861710205076
2140,21.645,11364.683585205077
2141,21.654999999999998,11151.588389892577
2142,21.664999999999996,11172.805377197265
2143,21.675,11061.679283447265
2144,21.685000000000002,11321.728170166016
2145,21.695,11557.191998291015
2146,21.705000000000002,11142.598599853514
2147,21.715,11074.828072509765
2148,21.724999999999998,11280.305362548828
2149,21.735,11102.967335205078
2150,21.744999999999997,11308.483936767578
2151,21.755,11018.993702392578
2152,21.765000000000004,10725.996553955078
2153,21.775000000000002,10546.10585083008
2154,21.785,10141.637452392579
2155,21.794999999999998,10438.807882080077
2156,21.805,10747.229327392577
2157,21.814999999999998,10832.548096923827
2158,21.825,10771.544346923829
2159,21.835000000000004,10806.80337036133
2160,21.845000000000002,10691.682071533205
2161,21.855,10573.158204345704
2162,21.865,10443.396544189452
2163,21.875,10600.592955322265
2164,21.884999999999998,10759.624233398437
2165,21.894999999999996,10832.290092773437
2166,21.905,10963.379760742188
2167,21.915000000000003,10855.731147460938
2168,21.925000000000004,11035.809663085936
2169,21.935000000000002,10678.202084960938
2170,21.945,10479.095151367188
2171,21.955,10500.267866210937
2172,21.964999999999996,10290.899780273438
2173,21.975,10424.103842773437
2174,21.985000000000003,10582.508452148437
2175,21.995,10511.502529296875
2176,22.005000000000003,10385.112568359375
2177,22.015,10583.481201171877
2178,22.025,10335.52005371094
2179,22.034999999999997,10147.469721679689
2180,22.044999999999998,9984.034331054689
2181,22.055,10048.901518554689
2182,22.065000000000005,10057.681552734375
2183,22.075000000000003,10119.19158203125
2184,22.085,10264.080419921876
2185,22.095,10393.774702148437
2186,22.104999999999997,10630.154956054688
2187,22.115,10511.283403320313
2188,22.125,10884.41256347656
2189,22.134999999999998,10779.194184570311
2190,22.145000000000003,10787.988325195312
2191,22.155,10607.044677734375
2192,22.165,10655.146171875
2193,22.175,10764.621640625
2194,22.185,10617.3143359375
2195,22.194999999999997,10312.866328125001
2196,22.205000000000002,10787.824843749999
2197,22.215000000000003,11198.21451171875
2198,22.225,11191.127968750001
2199,22.235,11178.6765234375
2200,22.245,11184.195703124999
2201,22.255,11299.21908203125
2202,22.265,11215.41130859375
2203,22.275,11378.987050781252
2204,22.285,11758.64978515625
2205,22.295,11790.17431640625
2206,22.305,11434.14099609375
2207,22.315,11568.662890624999
2208,22.325,11626.670703125
2209,22.335,11471.99435546875
2210,22.345,11665.383818359376
2211,22.355,11759.968359375001
2212,22.365000000000002,12070.12646484375
2213,22.375000000000004,12176.42982421875
2214,22.385,12145.868027343751
2215,22.395,12400.12798828125
2216,22.405,12669.542802734375
2217,22.415,12580.307314453124
2218,22.424999999999997,12445.886884765625
2219,22.435,12714.055634765624
2220,22.445000000000004,12786.240498046875
2221,22.455000000000002,12787.252333984376
2222,22.465,12805.038945312499
2223,22.474999999999998,12866.335312499998
2224,22.485,12882.037695312498
2225,22.494999999999997,13161.7251171875
2226,22.504999999999995,13246.07638671875
2227,22.515,12852.592792968751
2228,22.525000000000002,12970.588588867191
2229,22.535000000000004,13194.375561523439
2230,22.545,13088.714638671876
2231,22.555,13367.394794921875
2232,22.564999999999998,13513.115380859375
2233,22.574999999999996,13764.66365234375
2234,22.585,13865.069394531249
2235,22.595000000000002,13985.724843749998
2236,22.605000000000004,13985.223281249999
2237,22.615000000000002,14113.523154296876
2238,22.625,13758.115771484376
2239,22.635,13976.688193359376
2240,22.645,13919.342880859374
2241,22.654999999999998,14032.63066894531
2242,22.665,14073.871079101562
2243,22.675000000000004,14136.533227539063
2244,22.685000000000002,13996.254995117188
2245,22.695,13969.936625976563
2246,22.705000000000002,13905.682524414064
2247,22.715,13345.238969726563
2248,22.724999999999998,13307.560063476561
2249,22.735,13459.777915039062
2250,22.745000000000005,13352.555766601561
2251,22.755000000000003,13532.514223632812
2252,22.765,13825.145122070313
2253,22.775,13635.690170898437
2254,22.785,13337.882319335937
2255,22.794999999999998,13126.736782226562
2256,22.804999999999996,13385.395805664062
2257,22.815,13370.328657226562
2258,22.825000000000003,13315.721508789062
2259,22.835,13393.849047851561
2260,22.845,13215.400141601564
2261,22.855,13485.201459960937
2262,22.865,13646.259116210938
2263,22.875,13500.969428710938
2264,22.884999999999998,13748.787163085939
2265,22.895,13452.580122070312
2266,22.905,13431.496879882812
2267,22.915,13571.169184570312
2268,22.925,13292.329809570312
2269,22.935,13409.017075195312
2270,22.945,13369.976430664063
2271,22.955,13093.765131835939
2272,22.965,13457.431450195314
2273,22.975000000000005,13285.755825195312
2274,22.985000000000003,13163.323168945313
2275,22.995,13311.207622070313
2276,23.005000000000003,13161.408754882812
2277,23.015,13089.719028320313
2278,23.025,13242.046176757813
2279,23.034999999999997,13123.031694335938
2280,23.045,13482.5470703125
2281,23.055000000000003,13101.353896484376
2282,23.065,13113.032587890624
2283,23.075,12934.898564453122
2284,23.085,12910.753330078125
2285,23.095,13226.010732421875
2286,23.104999999999997,12707.930263671875
2287,23.115,12752.3764453125
2288,23.125,12683.119609375002
2289,23.135,12787.46330078125
2290,23.145000000000003,12586.24142578125
2291,23.155,12541.9662890625
2292,23.165,12765.8054296875
2293,23.174999999999997,12473.75580078125
2294,23.184999999999995,12630.412373046875
2295,23.195,12656.257109375001
2296,23.205000000000002,12173.84933105469
2297,23.215000000000003,12173.84933105469
2298,23.225,12008.708627929687
2299,23.235,11989.753920898438
2300,23.245,11883.033862304688
2301,23.255,11901.61540527344
2302,23.264999999999997,11818.573569335938
2303,23.275,12092.833754882811
2304,23.285000000000004,12320.671020507812
2305,23.295,12310.395825195314
2306,23.305,12179.117524414063
2307,23.315,12030.622622070314
2308,23.325,12037.674184570315
2309,23.335,11888.869116210937
2310,23.345,12016.630034179689
2311,23.355000000000004,12151.281752929688
2312,23.365000000000002,11618.220190429689
2313,23.375,12017.794643554687
2314,23.385,11634.926831054689
2315,23.395,11598.783725585938
2316,23.404999999999998,11434.454663085939
2317,23.415,11282.66270996094
2318,23.425,11403.469311523437
2319,23.435000000000002,11221.603334960937
2320,23.445,11186.414135742187
2321,23.455000000000002,11459.338247070313
2322,23.465,11089.817231445313
2323,23.474999999999998,10985.988813476562
2324,23.485,10918.938403320311
2325,23.494999999999997,10580.709370117187
2326,23.505,10551.447407226562
2327,23.515,10854.504790039062
2328,23.525000000000002,11030.801430664062
2329,23.535,11097.345522460937
2330,23.544999999999998,10786.662446289063
2331,23.555,10899.20020996094
2332,23.564999999999998,10766.145297851564
2333,23.575,10886.998618164063
2334,23.585000000000004,10789.520083007814
2335,23.595000000000002,10403.704575195312
2336,23.605,10660.501372070312
2337,23.615000000000002,11018.046215820314
2338,23.625,10935.693715820313
2339,23.634999999999998,10899.753618164063
2340,23.644999999999996,10813.962543945312
2341,23.655,10973.763500976564
2342,23.665000000000003,10650.122153320313
2343,23.675000000000004,10809.262055664063
2344,23.685000000000002,10599.939379882813
2345,23.695,10725.955161132813
2346,23.705,10894.202138671875
2347,23.714999999999996,10996.1398828125
2348,23.724999999999998,11176.99810546875
2349,23.735,11420.90966796875
2350,23.745000000000005,11600.1910546875
2351,23.755000000000003,11861.617871093753
2352,23.765,11856.458242187502
2353,23.775,11515.026193847658
2354,23.785,11654.108342285159
2355,23.794999999999998,11831.240969238283
2356,23.805,11544.123002929686
2357,23.815,11719.820639648437
2358,23.825000000000003,11803.937553710935
2359,23.835,11778.53000488281
2360,23.845,12085.89213378906
2361,23.855,11780.942700195314
2362,23.865,12234.901645507814
2363,23.874999999999996,11987.061547851565
2364,23.884999999999998,12340.530375976563
2365,23.895000000000003,12543.020795898437
2366,23.905,12600.431987304688
2367,23.915,12679.657456054689
2368,23.925,12634.873237304688
2369,23.935,12637.765541992188
2370,23.945,12664.922924804689
2371,23.955,12573.14319824219
2372,23.965000000000003,12719.765463867188
2373,23.975,13042.89267089844
2374,23.985,13164.66458496094
2375,23.995,13280.048715820314
2376,24.005,13495.729409179687
2377,24.015,13367.737846679687
2378,24.025,13376.900932617187
2379,24.035,13624.628647460939
2380,24.045,13722.580668945311
2381,24.055,13643.441333007811
2382,24.065,14038.045444335938
2383,24.075,13746.700249023437
2384,24.085,13925.043920898437
2385,24.095,13896.184995117188
2386,24.104999999999997,14080.171479492188
2387,24.115,13876.370991210939
2388,24.125000000000004,14135.357553710937
2389,24.135,14237.759858398438
2390,24.145,14397.584077148438
2391,24.155,14542.751030273439
2392,24.165,14459.311049804688
2393,24.174999999999997,14472.161909179687
2394,24.185,14529.433071289062
2395,24.195000000000004,14417.347524414065
2396,24.205000000000002,14374.889497070313
2397,24.215,14338.530727539062
2398,24.225,14188.498198242187
2399,24.235,13923.811206054686
2400,24.244999999999997,14029.694096679686
2401,24.254999999999995,13508.641186523437
2402,24.265,13606.821713867186
2403,24.275000000000002,13698.381018066406
2404,24.285000000000004,13537.648674316408
2405,24.295,13625.46713134766
2406,24.305,13692.059257812502
2407,24.314999999999998,13515.2223046875
2408,24.324999999999996,13389.6934765625
2409,24.334999999999997,13693.32111328125
2410,24.345,13529.170878906249
2411,24.355000000000004,13533.8035546875
2412,24.365000000000002,13579.019765625
2413,24.375,13455.790449218752
2414,24.385,13185.576542968749
2415,24.395,12996.409550781247
2416,24.404999999999998,13096.2707421875
2417,24.415000000000003,12835.254765625
2418,24.425000000000004,12817.2278515625
2419,24.435000000000002,12774.997265625
2420,24.445,12741.7130859375
2421,24.455,12767.62611328125
2422,24.465,12972.82126953125
2423,24.474999999999998,12962.48908203125
2424,24.484999999999996,13156.17578125
2425,24.495,12962.261337890624
2426,24.505000000000003,13098.146845703124
2427,24.515,13053.804306640624
2428,24.525,12983.424345703126
2429,24.535,12854.703564453126
2430,24.544999999999998,12851.130986328124
2431,24.555,13003.709794921875
2432,24.564999999999998,13079.041474609376
2433,24.575000000000003,13515.268740234376
2434,24.585,13313.337978515625
2435,24.595,13649.111357421873
2436,24.605,13326.808681640625
2437,24.615,13174.793017578126
2438,24.625,13339.277197265623
2439,24.634999999999998,13181.183623046874
2440,24.645,13414.231337890624
2441,24.655000000000005,13208.846162109374
2442,24.665000000000003,13265.58744628906
2443,24.675,13291.098813476561
2444,24.685,13365.377143554688
2445,24.695,13533.343354492186
2446,24.705,13566.545229492185
2447,24.714999999999996,13971.479575195313
2448,24.725,14402.98060058594
2449,24.735000000000003,14442.105327148438
2450,24.745,14322.374331054689
2451,24.755,14369.753041992188
